gNa,gCaS,gCaT,gKa,gKCa,gKd,gH,gleak
3025.0641683027256,101.54762918394849,6.578908345677386,1748.7291360447578,150.88770443886,378.77669555813685,1.1898586314527542,0.03878950968539722
4853.443493439554,151.05613215187705,17.305226964272688,2626.777031235522,2866.4170436023383,1227.4223488354155,1.495252173431345,0.06223428096797376
4907.8028759372555,252.1249661499533,29.926118189929085,4506.728272701402,645.4148492737105,881.5894990712212,2.950495933198216,0.06293131537008029
3841.829999450254,187.891394339281,10.833770095665447,3218.82184708017,159.89632874118692,476.8613439814837,2.2699118244013534,0.04926265813955856
3550.3947896823156,88.19939366074031,16.760077368107908,1642.8597226241138,1698.2363273076758,819.3262871217769,1.0320678812879491,0.045525670008724324
5356.549697496528,108.78678708326387,26.13357412558184,2089.5114215234303,2454.335696720983,1255.6529144518195,1.1970264547245457,0.06868546411295837
4178.958580525751,182.3564332323976,18.08911651770363,3209.8866583991176,1684.2560953101233,597.7253282445995,1.9811325337249035,0.05358555895530864
3443.5788394714823,164.1860545078242,9.643273465156494,2762.627493575201,2324.655830259984,728.31827382089,1.703420669612317,0.04415600043983623
4429.122220915534,201.52834671741417,19.149313587229095,3506.676705098208,2158.835475657333,769.004579573461,2.009830973135047,0.05679333386914731
2764.327375786532,87.30684389239465,10.38650217806809,1543.108065380127,1573.8884052110243,628.500373956228,1.0156045789157573,0.035446158346069796
3921.5646094865356,202.9935443377592,29.901454350002233,3703.9609714270655,619.5934983654283,892.6346424013436,2.496023751517526,0.0502850716343437
4528.473485196064,161.8534511694053,8.609682099475746,2723.06576711241,775.194743844669,841.872228068428,1.7941475941886313,0.05806728596194814
4030.5027070206343,126.64916200443588,16.468035176504454,2247.8024229870316,2321.9223160273477,957.3804658420542,1.3833769060374674,0.05168195287530547
2584.972322493285,105.54432066591872,10.670696841465,1866.2750172662556,551.96386958759,422.0719218310375,1.287035844545818,0.03314634115549868
5249.642967833784,152.02087221125774,11.906389029835692,2578.9865347022974,3566.387108318424,1042.4724269924102,1.3859637861426086,0.06731463050581084
1576.1709107998495,25.87043047715387,3.961417802009436,462.7249935954096,80.28969077231885,342.35425904113526,0.27084207021917894,0.020210776832749088
3721.9238406941913,76.83177229176076,7.825696331651205,1314.5787206004475,1531.9672503015845,900.2999990304195,0.800804249991398,0.04772513666971924
3460.953219388972,124.33848409126841,13.305637420983668,2193.815336569888,1807.9518502264375,630.8852859343614,1.4134090388659537,0.044378787012481186
3460.8432999278893,171.54261149224416,13.017189290840328,2939.269017629208,676.5214377509775,819.8938437617043,2.0115172127957632,0.044377377547503566
3501.9377923198667,157.47542468112496,10.920665160793737,2691.7513003489903,1974.9209696356857,607.9245471608692,1.7018046924275796,0.044904320158294354
4539.043975402537,188.80310999687845,11.963994533128066,3238.506152799254,2304.0847531208533,374.73787441005896,1.8707641206369514,0.05820282825441908
2483.9002499598046,31.373446216424615,5.024022211507064,572.9811667620515,1449.017534093295,392.83763347523944,0.302158459203071,0.031850323643691544
4025.5257778208183,132.7391919942583,12.799307031047988,2338.964846314179,1349.5047658447265,547.100794777905,1.5041834811504817,0.05161813517337946
4004.4938029004065,176.57824906826596,18.449059123961273,3102.7290767078252,1813.99430065599,754.1399029121776,1.9123195156009898,0.051348448333864885
4580.372939987765,172.55590897420666,23.388512658971525,3135.1125432216354,1607.642121252108,636.4928459581535,1.9279623249065243,0.05873277743330395
5365.8386732321205,179.36968159914903,31.112959578751425,3274.2121761682997,4249.489565313516,1179.7654873594618,1.4834062256097218,0.06880457392161586
5105.880888728981,192.34672046605948,30.04828491496004,3493.1590969802733,1400.2809290037364,1267.3536920973297,2.1251156204996775,0.0654712115733267
5382.947115784834,192.13988956358,9.98187166290763,3225.7776726260445,4181.634581669657,524.286610100508,1.4712745173577788,0.06902395045751027
3063.0765254426374,35.58736243715187,11.27917630580788,721.3125956569236,1402.3909374350908,601.8922806832181,0.375622952084338,0.039276930980751315
2255.2296584870282,52.641069481261766,9.258667498987263,967.8174136878712,113.3368447168703,529.2445938875569,0.6213177051191868,0.028918147785856614
4443.856427903017,212.08506266279682,42.83076045805118,4046.3321903294,920.5160081636611,897.0391666209745,2.589455772821407,0.05698226627945327
3925.7726693291247,90.02250636226172,20.087945348665524,1712.5127045230975,1036.483898695506,968.3445280495104,1.0725918022038925,0.05033903035023846
5312.833249035755,141.58464433664318,17.2991203098475,2487.2987356303934,323.7685114209355,1321.159060011405,1.6124372717826596,0.06812490092929151
4010.5238618164844,122.52015483181961,5.451970648122311,2042.3537265893706,3051.322044173405,660.5894161052199,1.2336163387681385,0.051425770008948546
2413.122542918127,59.39411872068868,7.329539618722889,1064.455558176763,680.8259314349505,393.5750230507687,0.6859956726818767,0.030942761886301205
3399.6643432893266,100.82576013995761,11.930603037212572,1789.8892176738177,694.945369247453,674.7156235435319,1.1795448175061982,0.043592897748383964
3000.306815969179,146.10428687694295,7.482323067829991,2446.8121439052584,1235.8150852918784,698.4332600574185,1.650902173483994,0.038472053425067466
5209.841753401946,68.55575486105663,7.834220838694761,1181.0859790405025,2096.2525195828875,1035.2661909399746,0.6117101267283854,0.06680427121860254
5120.680393477872,175.8999823167005,21.5624280456627,3185.461497512663,645.2661548704167,573.1171909940805,2.0770358622715848,0.06566098127765609
2399.3348800256367,62.65267533926506,9.125488226773982,1132.3266521211908,351.0715005694253,512.2188844932485,0.740391088522558,0.030765966733024404
3523.6998965994094,171.24806938188624,12.387715846083294,2917.8511951145606,1461.253479406654,811.8225678436579,1.8897413682304671,0.04518336923221848
4213.340506772147,239.17477865492506,20.672357846466806,4080.0530354373414,2701.509570149154,1246.4120111721265,1.8950671397466112,0.067533035376491
3665.461205472088,113.85544093200906,20.01462092858172,2115.9686417922635,2423.575762769356,982.2101428467313,1.2116891454471113,0.05875141609429112
3630.547700838755,225.02535858692195,11.465209698965095,3860.6774679505925,475.3236767955509,372.8052159500152,2.5721230562601622,0.0581918090699525
3886.9907616560718,108.07765519259789,9.154792680323,1928.8504720456447,2505.0888212307646,352.2808874375757,1.0799044475035033,0.06230217666791793
1864.0940442824672,52.554328871287694,8.132021698177425,951.3510846939462,1156.4328623436684,592.3192874667607,0.5753761863952541,0.029878413300632366
3604.9130787969916,206.7883595076461,16.36355734380734,3498.3456385001405,3527.65189176042,1139.4516452328287,1.6222836418251099,0.057780927529657605
4033.5002011103816,175.79834267267688,24.857987033387374,3240.2885750553246,689.7721427765666,676.5704556259639,2.050191216923472,0.06465048607745999
2448.8875514484653,44.28485580985778,6.255549141256081,823.9508234944188,253.09847618850853,357.12285297375354,0.42671361444448763,0.03925170761280729
1956.0733195609528,127.64749417026881,6.991011770527612,2163.2728604222707,925.343647220129,532.7725843872687,1.477673493662706,0.03135269235339393
4278.239883947736,173.1525329168528,13.754771112583805,2978.7287656390463,2167.5716948159793,1013.4154051394414,1.6626433207942726,0.06857326745070068
3011.5440639620824,86.74043910752776,5.243115143559926,1489.1797480856521,569.6054538185986,553.4183800942731,0.8980258983817917,0.04827018169609601
3612.0212845150595,220.2776499111838,17.29911046946174,3801.2039282834075,2081.562791174824,690.6335299457538,2.087982116154562,0.05789486057339098
1712.5554937826614,20.595497390974522,3.3431684420660472,386.7083944981474,796.6412556072019,290.7876703611657,0.15233861855380174,0.027449495373074277
2475.339366820066,26.404512362745663,7.190567500336929,542.3669759245773,2106.0036880800913,400.28798094717774,0.20096143494132995,0.03967568744078262
3398.807488939949,72.39402932228612,11.006370917029365,1352.3446936153323,1029.234235916141,536.5176796692152,0.7423782421297644,0.05447738819578793
4173.037156218833,86.93478421737163,7.41443247302682,1544.1164015274082,3400.999581597992,540.163440880647,0.7849620411550634,0.06688703783740453
4232.5955132023,268.7126425349601,16.202719636384135,4574.191107205609,1508.6597144759955,682.0216883647986,2.5266647531284026,0.06784166199433306
2808.7719042728518,54.963152090958644,12.568884251077437,1058.810983374671,1014.3959443539246,749.1770325926494,0.5702943494131572,0.04502007185767918
2500.6237896861394,70.13294241052539,5.475861838770555,1228.1725573124193,401.2635835522215,414.096528720583,0.740179257090072,0.040080955854561215
3037.6632605094524,109.72305970453513,7.4149863233078275,1848.2002258417997,3020.394575418293,942.3824962295281,1.0872330405596964,0.04868883018216161
3774.9156339760107,203.59023717123827,14.974705596788038,3578.8393993592103,351.2464213815106,313.7727876035191,2.384714712367687,0.06050579359603543
3670.021122840082,235.3457254130347,9.815501828626255,3923.6699596769486,751.8508234918207,1036.6736193198176,2.534318806581195,0.058824504196340235
1819.2030415381441,103.17584352770261,3.055179988240971,1730.8104868978432,1590.4599118937242,263.6591356806841,1.1587323988131923,0.029158883115130915
2011.2298280759703,117.79864207232515,4.561426067772115,1993.8522392271425,1584.6396083563202,266.35092219508346,1.3237994706913234,0.03223676199713655
3522.39089800509,203.3071088733751,15.203527933935895,3513.651173683673,1534.7456014846232,664.4891370314815,2.1069054432861805,0.056458230409449264
1916.1143139531532,38.05924407177047,5.05203254648255,693.2914028144156,548.8288038000853,366.30284239997167,0.37321403315056306,0.0307122141069803
1631.8607447038514,91.12021642888735,5.111675703704098,1543.7575220302263,1083.3444519988986,635.8915673294027,0.9726993873149676,0.03487478537104047
2337.685395232737,200.13404447049652,8.19677779095101,3377.241661578778,456.58942330099563,705.9778122008004,2.2451875974802102,0.04995908914921103
2441.495482632786,185.75846429233252,21.778503918874396,3302.3417764998667,2006.153086753941,986.9063223659662,1.8830341318511008,0.05217763293683225
2953.430508502467,151.19359036670937,11.086532149450022,2633.3095841370614,1250.5332810612956,769.0534647506348,1.5456068763067548,0.06311828716181223
1729.1249207479145,100.86319715518583,9.795068315159925,1774.4076562845562,1725.6990155817416,645.0873464638782,1.1042299192483636,0.03695343532621381
3139.7172800396224,251.85999724186004,28.99667028608068,4462.294001073216,1937.3639065044126,1087.8263370808443,2.248129893842862,0.06709945479263318
2917.0113810244757,94.23445559471318,14.488750858282037,1763.0099209075902,411.06749426663816,776.8449411453197,0.9629496245873468,0.06233996752987206
1079.4460399475604,93.39830949974565,4.045617863060011,1575.385470908233,733.755060105346,385.8979635463439,1.0765596673366065,0.023069032749864087
2348.849769457419,180.04192371065184,22.066771751465847,3236.1160384637765,1581.3281356673597,827.5309941500559,1.93746669891736,0.05019768497066908
3195.4872901587523,219.10950952512795,20.12442179109023,3875.069692955185,1072.5772487090844,739.331546616169,2.292925594859231,0.06829132556920388
2543.662190149479,116.94618103996844,16.36373747041608,2119.784385061636,2973.3884451796443,971.8400293426694,1.1663770077853128,0.05436105576152747
2612.3904511949036,114.80386756022163,8.746039521440597,1968.0350324400479,1691.7230654947123,1039.9038748434118,1.125502532424312,0.05582985961667444
2653.981754731191,47.10187389834371,9.426194025694844,914.340940846379,1816.4046519849542,725.4160217295899,0.3447196038626128,0.05671871474039583
3096.6057298296228,255.82868008744123,24.139296012160017,4496.786091126651,237.92456870309078,1221.5599104270036,2.9908390738547284,0.06617811020764568
3018.3172202173923,157.14414599435918,9.294212916927648,2703.4622423078836,570.6499888165781,824.4338720527292,1.6537629655676125,0.06450499258495253
1600.8427732937553,135.33250034680626,4.981774899164025,2260.668081903835,420.802531258704,644.4241258506358,1.5363254923064573,0.03421189480327423
3008.8470743595744,118.40053296860916,23.332090014362745,2247.8808583404075,893.9465684190175,1193.5338533208853,1.285350306460539,0.06430260441837905
2750.0967854030246,92.2205306371111,14.376896966175698,1693.9690310767628,1426.335514234737,1032.400642499826,0.9140621692968209,0.05877280610602856
2843.7227247632136,98.15940720213676,10.29422093686165,1716.6413906322532,1888.3966271013328,1152.714182696556,0.913766547628969,0.06077370265982193
2310.4056504342675,116.33581674118831,12.203393171606463,2070.287402229733,2772.9162845894075,693.6262530649901,1.1804048781462926,0.04937608888530308
1356.3140750432024,47.6069024739099,8.187304498572258,890.5738820577727,1795.2769921411398,483.25616489158074,0.42553209181596446,0.028986028627974097
2707.429122790905,197.53796917807807,7.014217150571499,3331.7538078407642,1785.2963112545444,476.4385313275145,1.7578741170637477,0.05786094792161485
2010.5051033135749,55.6809472705264,8.398770808669513,1021.5526324603073,265.0415159486485,705.835630421093,0.409982327463894,0.042966861108094764
3131.2514595844364,120.21784654941196,8.584813730246886,2036.8790820812935,1976.097701908693,1324.7183108059794,0.9147298618074338,0.06691853024234752
2211.589919662164,68.39785082146456,13.578211462375256,1290.0943180466047,1161.9929035440366,925.3319577269536,0.5662242966671275,0.04726428037888236
2550.022152051465,171.23893018517222,12.976052781452807,2962.7504065970597,291.43791789629165,959.2026438408036,1.7920361652091115,0.05449697563521744
2981.948133576851,139.6635488647857,35.767807586698225,2784.5041050146338,297.4713404828831,1211.1606709067282,1.537261777046464,0.0637277423846238
1760.0765167509608,67.57102895401484,6.115355714810335,1206.1379777328086,1770.6657360209117,388.89562396264967,0.5893447680745809,0.037614907373384895
1917.2569269764556,88.39129412628989,12.557019225355608,1629.6707683648058,219.17273862333255,579.1666357662554,0.8927798219550801,0.04097403779486031
3195.3502075029555,123.59740285541342,9.91065828539814,2116.863641923517,1724.0000611927253,1303.8038507610465,0.9655694856218835,0.06828839595145646
2337.2302338422546,197.66708588775344,7.357557683938465,3280.8146632207604,1214.02220554581,996.124938988849,1.9055191379922973,0.04994936181441621
2315.788158800391,167.01687630061366,6.9550494518159605,2847.3844622763077,427.5707491596647,459.8002638222667,1.7374873871429104,0.04949111942613543
2245.760506386733,31.83359729460199,11.076182870789937,684.0898024344482,1901.9149655322003,674.218991136994,0.09164778069814525,0.04799454604762246
1229.9541606606401,95.09093732988839,6.142736404332396,1628.8500038854002,244.0800552522664,493.7618782526815,1.0357394927673098,0.026285568488898535
2307.9612049212524,191.803398792576,11.061777079894034,3325.1926937462335,890.2656103829116,276.1602233993608,1.994216857067788,0.04932384820674378
1669.34268491576,93.62880960600498,7.928179345261127,1652.8996667660547,1714.91260334469,403.52779844005966,0.9321930577301184,0.03567581856239756
1626.5353409547913,70.14075598563598,3.792598145163506,1196.1302667956404,2107.714020514651,498.9399574447849,0.6106072998427758,0.034760975223106366
2837.0911504474325,230.37881423868137,14.14844869215113,3908.35805020164,1046.0876645645255,1161.5088695563334,2.2076333729615762,0.060631978109068715
1970.2461879447258,130.8659481023056,4.611227058930284,2200.0079183636253,358.4301672037563,586.7729766064589,1.3320563358757775,0.04210648068818688
3216.0384547654958,267.3597604039044,25.84012787914876,4659.6038911582755,2057.3526850777052,1026.140936950812,2.047228323649557,0.06873052815258067
3245.584066816187,66.24132879775843,5.087635014740264,1157.1625542278268,1693.2662415842037,326.9093181476643,0.5214274900536043,0.04161717160042034
2910.766274212482,146.4162586622771,12.231096548815632,2529.139556706928,171.80577189941778,713.9372439955388,1.631211657808196,0.03732390134680731
2981.464228610792,25.233143533601403,10.336100344297884,521.1870027044451,185.92463184221248,749.9997609452433,0.06126413849012967,0.03823044045946675
4941.609884959154,81.48615390272276,6.8631690254792455,1438.0748864886766,1416.2916095815754,443.7726778542441,0.5386456541494408,0.06336481272118774
2472.115402838026,104.66043042945661,3.2656704399145986,1733.0822715546058,1987.99436244397,428.3488515966623,1.0261286322867769,0.0316992100090252
3367.9529069743485,144.58440503456342,7.860217783705759,2445.6497397579224,2434.6884054510065,501.3399444356483,1.3427417206138905,0.043186271310846985
2708.0032384146048,91.53793540158352,7.24208110307549,1584.8923027703936,1456.7597137938662,427.86755069031574,0.9008663668503278,0.03472393046905394
4111.97249992355,173.44872538788707,18.235354152878788,3060.371057116785,957.7396133511835,757.9238571456715,1.7770863323133734,0.05272661611054785
4669.5091549862,52.04929796385653,6.109737603796475,869.6079945850098,1171.5347903819004,1137.1471830294024,0.15344534838401905,0.059875744948251375
4899.330269629034,220.17109586434339,38.53946758073253,4092.1877636291033,954.4425701178196,1103.4629073520562,2.3059069154727267,0.06282267362690772
5220.542706063782,167.83022341278263,10.522432962863935,2853.3924514074274,1196.2842419989881,830.7856635644521,1.494752890909256,0.06694148639283541
3166.369308441096,155.38813880768035,12.024425532188427,2700.792578510621,781.437521901636,428.00997914854696,1.6681845188830753,0.040601424010860615
2842.8317667867655,83.75048372472355,9.434954026995383,1488.7045719210919,865.7925174598433,478.8624166325292,0.8215192756497007,0.03645279710334228
3010.5254350852942,116.32319750730846,7.399775514735878,1984.7537107435037,2170.792002578105,476.706192648694,1.1219742727347042,0.038603083777854444
3740.0448169204747,91.7392076055199,8.356202735068607,1564.6556968165905,2807.8556435842042,884.6921334752495,0.744555246352406,0.04795749662763466
2857.8003959786306,114.57842471977597,6.535254059836314,1919.8710252739947,1406.0476190014003,701.1758844754108,1.129135506092872,0.03664473544074976
2950.1260558293247,120.68319092534618,12.81431453950049,2117.106783706962,2306.2744523883107,656.7338792212047,1.2017998265690122,0.03782860027063155
5298.503069184291,207.50039596076024,8.030395783237601,3425.4881611456453,593.1290633389293,1188.6429434356587,1.966140010557733,0.06794114924033023
2516.055331280365,93.04957380553412,3.421358474023321,1565.416416846574,423.5790273217442,289.84487971734495,0.9334417637453426,0.032262638810882996
1852.0900107530542,59.24847745234987,4.194916355171597,1005.6892900517407,1267.441110540783,412.0984113672541,0.5718977805925309,0.023748806442886555
3280.1843321371753,111.14725202844897,7.886657766516383,1907.4560897140257,574.7410621643816,557.6414714605002,1.0987872723109982,0.04206084064415465
1708.2131369979732,37.14807230385267,3.9838034118823034,643.7829881816634,1236.7859493007502,384.28593610319126,0.3082858075582507,0.02190391553230509
3533.6960235150405,27.60708381103764,7.314610297114416,539.1347656107132,2076.1398254224405,566.8507591742547,0.012982543480337023,0.045311546632841315
2304.7341448585307,99.80320224572846,6.552827332505896,1701.5463596340082,1784.197452274908,445.61819013670606,1.0243254435048699,0.029552929280311786
4680.20479644868,45.27314971112039,9.07579612660586,847.4606265285307,2625.701707286543,740.139712964489,0.11795434206389009,0.06001289201853424
3434.861083820551,174.79657667644946,17.98322823346364,3066.2200529029383,835.733223581073,815.5394408600321,1.8764467372901072,0.04404421521861679
4264.917777964435,155.16731639366782,14.538577881975334,2729.4933686351173,1970.6466229804166,503.1804250295358,1.43810081249387,0.05468778850684494
2492.984751152635,21.587063720931116,3.3022958564912024,377.2592867514348,1962.448753699233,483.2763823724392,0.012580570045680216,0.031966811535319974
2282.9993230008645,116.52082904754941,14.598733386818461,2087.0615266289515,140.7483183436845,572.4670111359634,1.3559183442451617,0.029274230040873386
5123.236794817349,229.8617112616744,6.884531457205031,3784.9856615371523,3456.5793651135464,364.58264111600346,1.4007989003296688,0.06569376126148467
4950.494823953874,101.9698793708333,9.372337128629582,1783.9441311148967,2426.266139102449,656.1990294810574,0.7597969293958494,0.06347874168534032
5251.04631825402,105.87248053037408,14.861226770791538,1936.554119723704,4226.081049574946,588.3690754079446,0.75625057798871,0.06733262525623238
4342.000333590312,125.53839360346382,14.272487274462863,2205.5302512902163,504.4449470026507,978.8955020469242,1.1993686297831259,0.05567619548655628
3123.4608754040123,99.28512212582683,4.922140675066919,1665.4527185479772,2069.0648811403134,546.708321013291,0.9019184307683138,0.040051221771742154
4776.275994864538,54.33327270666841,9.127081485318019,997.4831488607916,2270.904790758927,734.0988022087935,0.22161192740394361,0.06124478478976446
4882.274624501872,169.8960123781703,15.596173437890991,2991.7605953172306,753.097978775899,915.9721632303442,1.6740039642243214,0.0521699784140834
5825.1926825002065,239.64483012678767,9.69605399049333,4015.8827798506345,1649.2534449024208,929.3359196554618,1.9487169244984468,0.06224561293188595
5851.659749582799,43.72910581074944,15.987562509727784,952.184781125996,3577.9303244621738,1029.0308679390944,0.04556897017065467,0.06252842912404635
2765.8059669432364,116.20586130001233,5.41211636886718,1993.6297588918646,105.68853595337283,320.58287018225866,1.2388156060364672,0.029554264905303957
3506.311150795651,148.67935746600938,9.771264665139995,2557.7841297400705,1554.2059448401894,646.4855401777187,1.4650211505356026,0.03746699870835971
5317.254697901875,231.42055092865616,10.257259731095704,3880.9669018535255,1616.2752234041293,979.1046594958046,1.9570336985524848,0.056817996558320816
6239.547966824188,262.31071876328025,24.1857469044157,4592.639111912103,1767.5690728361315,939.6505283588295,2.0751531002809247,0.06667324306364017
6021.51865375285,239.28873105683843,9.68218629279885,3976.3823372096676,3630.8130707443984,755.3497838975441,1.2547934199072568,0.06434347150603761
6483.531219444857,108.2124159662176,21.212772039793297,2097.0220071090944,3836.835191152328,915.7234122479238,0.7176686658898166,0.06928034774364715
6419.871519480967,51.572173075009076,14.870400303630854,1049.1045290571208,1876.113370491017,1253.5719808366673,0.0649327627626517,0.0686001063749425
5915.855239750878,61.56280076495526,14.715878240465205,1278.8149631371812,3086.6301592720183,520.6747249401675,0.275724140182433,0.06321439572648668
5259.5674365407995,150.39886502452433,20.42923024094267,2749.358674026757,833.4184517836336,980.4207982454245,1.4480655543291936,0.05620157421188593
6485.95780696117,282.76237036939375,62.408226699692406,5536.080713689465,556.3615655345171,1123.9583928631237,3.144977355949801,0.06930627725971956
1906.5363285867795,12.89604633218129,2.6585776630351905,272.91069126480255,242.266236672703,117.00705748424586,-0.010131469984173547,0.020372462992735933
2560.9195677079497,39.992180608772635,5.501120601037336,752.1802193010006,592.6954043726124,284.4781601859096,0.28760141133204936,0.02736493311888591
3399.739234283598,106.84948837131707,6.295889293407435,1842.179801171978,1475.6282751795095,509.28890395634426,1.0058296597671283,0.03632821504467988
5020.545204401987,147.65313437907187,16.51731709458272,2697.4735493003477,2196.7366419791174,364.00511470314814,1.3145476329541657,0.053647480956134225
5380.415925654063,186.96607355978355,6.678858335355116,3128.551073968458,1652.1126113404212,910.5291042675858,1.5763031816576367,0.057492911458007515
5735.307927232284,114.16077984500079,21.248687366970916,2219.7768116473217,1227.3593989575234,627.0207987500082,0.9923294916521128,0.06128514140934002
3313.940226012607,123.42596643428625,15.508064259139775,2247.814051269867,236.7777857721304,578.039954187367,1.3512592592343011,0.03541140213395509
6011.642896810565,71.76072246521066,23.849922049484807,1522.2929400471628,225.66973771154156,1134.6416977739855,0.4700019789896608,0.06423794322954204
4899.92012450306,134.44814175179016,19.143560496507558,2454.1154792619827,1689.3874496782107,1034.3886948472884,1.222780042128322,0.052358530968982256
6223.24515298126,148.37504582440963,6.764201816188901,2538.5518498396673,1093.0429111356561,836.371378930429,1.1866256752538624,0.06649903790074212
6151.070365854239,107.79786319746616,8.934982816489585,1900.6751786054201,1352.588523386502,945.7318120822486,0.7360329685212693,0.06572780781311838
2854.0551882554582,118.22723215953572,3.912285304895792,2003.172536218061,430.1188840863629,328.77239486223493,1.225852938739262,0.030497259784742554
4539.391856181529,101.45719944663254,8.367363991273201,1823.2637990119108,482.3322722089962,379.6991026442413,0.8842912134920714,0.048506074189593254
3428.6498152922914,120.40521979806245,5.011049577262633,2068.765916363217,118.67041540059735,312.02905282889657,1.220441953967294,0.03663714162156535
5630.89893527404,196.55176773229053,10.46574737747922,3291.679561511592,3522.4802416837542,1110.3696635599724,1.2675851661478708,0.060169469867767625
3273.3866763453084,101.33771040067315,4.4433927027843785,1710.7103078500247,1162.7234169107674,621.2214485712127,0.9390267441205203,0.03497806358307968
5803.096043513578,132.39837233515172,14.96106360342419,2403.188522705607,2299.2046799152927,730.2259703947534,1.0505352004339388,0.06200949733667323
3901.840544957752,44.68935338654221,5.008680166817733,843.5626788539861,1142.2522500749526,300.3514807543828,0.20315428605467145,0.041693463121487154
5933.542258838875,74.10240987682916,8.926160279785686,1416.3307303394604,930.7573061113812,330.2798346427713,0.40255337071428726,0.06340339193726915
3240.326313211943,105.48711805072878,4.467159929729179,1787.77147586269,1442.8707225113305,523.3273838378001,0.9894446759427784,0.034624794141337574
5391.499869853313,230.7821068991208,29.692490170066055,4248.141042222601,516.0166826906847,511.7322683884052,2.4961007470534904,0.05761134992656801
3793.1276631796545,161.37527330678088,11.476691919425654,2808.9494600105945,247.09617632951452,609.7109102545778,1.7315074269562538,0.040531801983616444
2658.0708029012744,103.10379679155854,9.64790321654045,1825.3740444997961,1032.8818587861608,464.0822224950268,1.0868084369851765,0.028403051256997484
4848.264080862698,142.50703659797497,5.776535552600119,2379.6053180252725,1950.8697869913876,1012.0648436099219,1.1754828238276824,0.05180655573429345
2720.4849833792664,112.1103788463082,6.874091801963853,1955.20449207106,167.19577624938458,256.79855746588026,1.207710290705208,0.029069983516794684
3553.491816826889,138.8731616737258,13.34696874156416,2415.8883642344713,2681.2721824163054,709.3770388748624,1.4840969831188293,0.04556538227852645
2161.3124873927272,86.47462237662323,3.6915768643232982,1433.0947924680365,1194.4160003564918,516.6811024774648,0.9856731885204447,0.027713875474558343
4933.342238696952,70.55761847061216,12.602742541575552,1342.3315715842855,2986.387539646634,487.194325187285,0.7211733134531558,0.06325879912050995
4678.628472285678,173.5663529084986,27.130198245414533,3181.260733391727,786.5226715495111,990.4902786150252,2.0737961875927695,0.059992679276593505
3345.6518428200848,149.2380189240163,7.414812800949515,2551.169854336274,1219.7592627748807,227.19565145300203,1.69872441070434,0.042900311312685416
2807.9745948588225,112.3309351160679,9.437875783434762,1953.8471571925265,763.5208323489535,474.6328598712146,1.3352781028956346,0.03600583382161358
3834.7682857134496,182.3083353682655,14.689765933782631,3125.4246000008725,1604.059984078194,868.8648506022232,1.9676219615968629,0.04917210785759778
4290.336936508003,169.32170658121424,6.943887527919504,2796.180204469704,1512.328777355671,954.3767462322538,1.7717002768331254,0.055013730913902575
4137.265105928765,208.51134656842487,16.881268651901063,3594.2954376515154,1308.3990113495054,784.6744585801157,2.263102164476158,0.05305093577156142
5104.893110290855,51.57299066745329,8.737892858221063,977.0056296868571,1162.9034647030876,488.8252773961203,0.45798173797893665,0.06545854558042176
5343.909277897994,202.91322004932,7.521592184459809,3361.8180379861933,3167.0574048958374,610.535126605413,1.6879894358795673,0.06852337972361468
2795.2454607293553,135.33202175759277,4.884873273689258,2279.5226827765578,891.9186804436067,264.4020701062701,1.5711432702162347,0.03584261187188591
3969.087833155559,83.4910690410104,10.750564771966877,1479.4880795518459,2241.4049581218583,806.8719932258182,0.8903514610154429,0.05089444797885449
4271.529337750922,190.72923824565467,10.899839012030982,3180.312103912182,2788.2110171587706,951.9401120628951,1.761494164525951,0.054772566596863914
4932.004293906058,113.44894861324535,9.375203879122973,1923.7770280500768,450.18399715875466,1131.2479525668864,1.2119954891665499,0.06324164304727066
3611.688002428753,35.11655456733162,10.906159490272978,693.4760310591698,2424.4391006659666,788.5530353999471,0.3246758660797462,0.04631161488037014
2697.2004710948995,90.00202466340548,5.5320877875317285,1510.4757991249653,1134.273789552183,646.2940726323026,1.0120583570567443,0.034585409755355526
5394.905631024757,51.986189647586954,11.376365330975341,945.3001185718679,3102.406367437022,1241.0662996969882,0.4169644943796524,0.06917729098746743
4102.749852244787,168.33642861169741,13.624665548268338,2857.545943906214,2682.0793692010993,1051.1717692602583,1.6628104365905527,0.052608356807089474
4505.156823177417,104.55506490881668,14.79716382238275,1856.2177065385613,1353.2914185327786,1122.3818386384537,1.1451623251731238,0.057768303250546396
4189.879552339837,66.5277727033414,13.020698148691494,1275.0367632032296,1758.2514914131416,498.37603775903375,0.7265390083365089,0.053725595370534215
4049.060969855214,146.19278831560212,21.513331376606143,2635.503583526781,3025.9685936752253,932.878642276314,1.5331894527589112,0.051919920031013755
2997.9608822413015,113.1110407905778,9.819405780751051,1961.4211101595936,262.2698168015419,609.1763480670379,1.3508035335296966,0.038441972205630115
4588.585247928148,120.29112575137903,12.674015790045667,2114.7336706591977,593.1029038712431,824.0465078349575,1.3584918857655714,0.058838081446928134
5198.795359502366,183.52316653979443,37.877576927142435,3471.644013102771,1523.3036937990885,1256.6245204953818,2.0805010334290843,0.06666262655279802
4265.830593170388,190.77440923855085,16.54907121648063,3302.3190737687974,2552.248227517831,652.6405033857479,1.8614002633324689,0.05469949326823258
3714.5352880275286,138.91212853091537,13.311488615710863,2426.4694877044894,2389.532435872043,644.3072670874209,1.5031398741720097,0.04763039542811927
2641.390094527752,57.38944866545494,6.162172847225263,999.0547199143617,1581.357525767929,549.6917086061894,0.6226707589487979,0.03386976968230158
3445.1779895078653,91.92465199750481,11.990289382257368,1671.2587216906027,431.897173472261,449.75887842947395,1.089319070402781,0.04417650587124977
3518.3700289380204,167.42519192033828,18.171768326717537,2943.597006219499,1842.8707455014426,784.4379872666292,1.8506202505620792,0.045115025904020806
2601.5927852744476,23.088088981454106,8.245163500938196,481.725900137834,1551.0733534562437,456.34977778625023,0.2187038397611048,0.033359460470051075
5273.064731937939,122.27642110014291,16.04469956284207,2162.337101193914,3445.1276431008687,1117.8043235853752,1.2016382664622192,0.06761496091039758
2495.886427223876,31.385807072581482,6.388768745467053,580.078761988957,627.330566654849,524.5665823325337,0.30760120323740725,0.032004018875662926
1851.1050966869825,18.20602631114512,7.363666704502548,379.3538140413387,181.17978657460236,467.47745153948654,0.1847270279149443,0.0237361771789835
2136.326999802507,77.38385518954031,10.168578577437668,1384.3599552336125,1649.852614887507,512.0508186675326,0.9331708781900249,0.027393493902811726
3349.733195329323,99.30838964078401,4.730925713095814,1639.2919520559997,1926.9419308903095,789.9837484339195,1.0535187235341745,0.042952645297645295
5262.729716729145,221.7453125428176,22.710715160644057,3931.9989149674234,1747.8690885873589,445.1896039770014,2.2504857420844244,0.06748243804468754
2107.8915995377765,33.772888662340236,8.317639467650414,643.2452424767254,1068.4746152710145,535.4371453653133,0.37562187886763765,0.027028875113718143
2608.6037258377232,119.34735084693646,13.45571898200229,2116.981959783709,1693.9974747173349,537.340498341835,1.4166259971854673,0.03344935970251447
5406.0744621210115,145.10583381137673,15.543006256928898,2510.045508125324,3905.806919558263,1173.265078271913,1.3189681440822083,0.06932050562949792
5284.711060198214,218.98787564608244,18.181195731166664,3780.0894234431416,1670.1432460868332,831.1181208721276,2.197556800293872,0.06776429835837136
2004.150433957929,17.824501187568277,13.632263930516139,474.3632841619813,80.8032145458194,436.7738288679653,0.23727296435803819,0.02569863260541073
3748.3317286337037,186.2181945185843,5.076599761333653,3096.1700678661614,2261.9635551142364,274.06666722899234,1.8591558996277027,0.04806375726353472
2351.408265445143,84.8742660689336,6.430695630937206,1469.0119620624264,778.3984183200859,356.2157070991181,1.0007152939043527,0.030151417825289527
2717.3239658075286,84.828325277918,4.709762716640869,1439.6063624036667,745.4980382912539,413.6832695790966,0.9617037175100477,0.03484344741989126
3920.442938572385,44.511031860483776,13.40011119879812,899.262949941685,479.8740569686632,689.2771615580339,0.4637551248238579,0.05027068877752891
1647.1015889325922,23.22799893374165,3.6958904633200893,408.15154759742046,718.188029448234,417.4801134254374,0.2255419070659454,0.021120300093528555
4229.098965874301,166.76535344596715,29.773603569626733,3105.424603238944,474.2982694358839,1037.6191299956713,2.090227917530622,0.05422849439564953
2840.7668236866475,67.31553435644962,5.426789284043435,1184.6257432113428,2017.273622079931,240.65021156666205,0.7445728469773083,0.03642631894422714
2685.2172090752497,78.6924533037274,11.722474976622642,1422.3049097343558,1327.4723021642171,635.7409641840196,0.9330089250311298,0.034431751904707465
4149.760583583132,71.42372486336463,6.56820728352554,1219.873070741254,1962.4340954597762,823.9549143593802,0.7021273060750415,0.05321116161290934
1893.6612550469888,36.509968725980364,2.7572863331260407,616.3107864096346,1447.4916544186956,386.17650114979114,0.374795570449633,0.024281862303343997
2943.709376059228,38.35963911206764,3.9670096472788408,675.0599421289646,166.91966086185155,399.0999489324725,0.3589038180223004,0.037746321069846885
2930.2584166150514,98.81984537530838,10.313762357485441,1770.3179080192053,1569.1219131709672,261.2461386623199,1.1651059498282532,0.03757384336603325
2945.328266767636,149.55229409171534,9.714242163064682,2579.363848072223,2291.300472971755,426.466187800507,1.559673757146136,0.04720884953762754
1299.41936888714,43.57958556878098,2.1167504542571534,729.0456386519702,1257.6264173874858,347.4591939598371,0.4596438803323966,0.020827591329707466
1466.9211277102488,29.43766767248876,5.354780065649212,556.2863010189857,179.87909789526148,301.32145810642993,0.30370621424594363,0.02351237367427319
3039.6249178933776,198.12228831609744,12.033240325575541,3373.912982570254,1176.0938258236142,721.8207012510966,2.147131519618095,0.04872027237803737
1466.3204157273915,45.45015287535185,6.003129802100096,831.9640261241642,1155.4970383459984,257.44053222211505,0.5158267824852146,0.023502745232535767
1505.2877256366735,57.26054957094122,5.042913531591296,990.5081440794505,934.8465379856975,441.84983139609875,0.641303796317324,0.02412732820046833
2989.95102314763,41.88657771588483,9.048630982365347,775.8606063759688,1483.0314033267082,924.5805106791454,0.34418155431988595,0.0479240801676616
3246.2576616381098,69.54376498492857,7.720552283771351,1229.4155121929218,2644.184091144397,741.6313533446938,0.6572133453837883,0.05203226113632195
1761.2723836908767,24.147646235175234,3.2731068910001695,456.3631260971131,1051.2278678630014,180.57207484153446,0.20060760493819754,0.02823034834337565
4075.976448872626,75.92303100420557,12.015143917041764,1366.352095136555,1637.9491143456075,1188.2272363164855,0.6951122896428439,0.06533131164524346
4177.678436931487,48.23842116505233,7.598619919114351,935.9356626863631,1333.4779828356136,394.18612856734967,0.3569591241567609,0.0669614300623045
4142.378239139344,117.21749151283278,10.794236500183592,2040.2876623726056,1161.9500538713912,1000.6642423022889,1.188477657502506,0.06639562497191073
3845.7624856885714,252.66212873241048,20.552406802028205,4251.750748792309,3611.226425025201,1202.8812742962832,1.5623058656283737,0.06164135407004108
2948.8009754626114,151.69965985654446,16.775047661914012,2688.568064267677,1003.38878814613,822.4544810857526,1.7411496857875528,0.04726451144265826
2497.157412564089,84.93369121367085,5.531565214155509,1487.0697749360302,948.6341333220304,251.7316408018975,0.9297076924579871,0.04002539543440638
2856.92042812921,96.95001465705975,14.385222738124318,1774.9635348091306,339.67236330725245,723.7587420002075,1.1218559974851383,0.04579181483921388
3423.010964153543,96.33515654492409,11.102956859703625,1747.8737096956122,1786.3545545096479,483.9238662918487,1.0171687505450737,0.05486533076658334
1977.1874521545064,36.516269292132215,3.985477980626891,650.8478110252736,1021.7373929089351,384.3387061898553,0.33646082109195175,0.03169111775743913
3696.7995020679114,205.84542182738133,11.222673555477717,3466.4828011495615,3436.2277201402812,618.1744321626916,1.6473467495420964,0.05925371831487905
4246.326451717654,223.18520351121603,22.789363434980498,3958.5885148982657,603.790230641663,867.5822476632627,2.537645048685572,0.06806174673588655
3218.621705776751,163.7907230253875,19.769971527478173,2915.6342327433345,1921.5757800101119,911.1812748165336,1.7511223511761405,0.05158930145104407
3380.1880996322443,197.98897617319886,22.992275127824225,3534.2647038107584,474.9370976323034,935.3469073537343,2.355576509465668,0.05417894949262951
3814.8916614875707,43.5263090109793,18.627206267132618,939.2959665318872,641.6814966488544,1159.278698150215,0.3865924292778109,0.061146544676042025
2488.7293795634923,42.54266283560872,10.431818842380958,830.8662571692489,352.9352466131777,629.7681050357048,0.425388032662806,0.039890307693487094
3649.121768386002,58.92895244200062,14.524002522192886,1162.9505149451109,399.6989735264383,804.0495184395686,0.5779752771609652,0.058489521338575795
3982.0233293215138,183.69403224371433,25.887871829449804,3357.9765478885347,1183.3584795718855,839.2657761053673,2.046121226303469,0.0638253950604864
2475.440197915543,126.7748200628315,13.556061702876434,2249.3046014179126,604.4117256653334,636.3954276592711,1.5035568908487325,0.03967730360019982
3323.539130800941,202.88609739451888,27.482146037047492,3666.5239450332538,709.7419676668999,1029.5071117411271,2.392300143397439,0.053270958123316475
4222.358695892259,271.7609196564501,25.672956137357584,4694.9745272054215,1720.3170893956383,1244.1983623674098,2.4570454324209328,0.06767758236572709
2746.742551566846,67.36403598640757,11.493918332120495,1232.5209035456826,559.541999657933,1159.5991951687906,0.5875948025284803,0.05870112217987207
2913.613588060155,75.27795200901889,12.184471158250668,1393.2328890997271,1129.5253573428097,1005.4892233441784,0.6776417824127704,0.06226735269386323
1946.8793177943226,36.71827525303119,4.344372178484204,662.4502528733778,627.2833529214271,572.8142778868437,0.2556873336795239,0.041607103162296225
2066.444662356578,112.85333781581564,8.997961268962259,1959.277803779935,777.0337667823219,738.5483195317015,1.2251842158155462,0.04416235534478555
2431.9544352978155,143.01549551643893,20.549673726390406,2653.552221130259,219.561047823015,619.2365022771226,1.706483071382094,0.051973729522216794
3270.4183832279055,127.47067730162618,11.022570007423708,2200.4193116716237,2627.6706683726347,1249.6494815305753,1.1382994180809685,0.06989269124754699
2355.6797685553756,166.6193686874729,14.37995840003098,2972.2336769403532,625.458522343694,290.5676327155036,1.9150715942425436,0.050343650092631045
1424.662865837361,81.36328762753945,4.112448303127442,1383.809873432435,186.24498624480677,457.08580168913073,0.8918707504503649,0.03044672275708559
3058.1304189008997,208.6506948386781,10.138966785749227,3528.473085200921,1292.4672897067169,911.2354099410874,2.0663147058884124,0.06535584751453409
3101.2989944317364,166.7708317095602,17.10243952185077,2941.262915111324,3140.7356315736743,950.6327991760244,1.4731105082175964,0.06627841079776614
3094.1270567954602,77.14302088933877,11.531752004570244,1477.2646771702766,765.1516340021391,470.5997903842573,0.7135519697322036,0.066125138046662
1294.7511977121144,21.642221966690176,5.229790563437077,437.98340959493424,710.4062961670454,318.4813988085704,0.16232160068195003,0.027670357458903217
2575.32578507337,112.37452153413112,12.224145887811092,2015.9943833566017,961.1371358087339,736.2978372855086,1.1850471645837166,0.05503774406390259
3042.063021429302,222.40283172410082,21.480400445752554,3892.5753160061163,2190.763299382528,960.9205575317943,1.9953634304940622,0.06501246831375868
2865.977413549984,172.47823184816707,10.522431434944467,2921.9461666038515,1936.1886832065727,1095.6644807867556,1.6511298981132914,0.06124931156055492
2518.3047787102087,171.48145560682818,12.049434169136164,2959.856603929402,2037.116542857529,705.8570870683334,1.7053024544414308,0.053819138024747665
2396.3675887132786,89.34971199444948,13.263426269004544,1656.5954961377297,733.6150033009906,700.967739953994,0.9466463317746194,0.05121319671284824
2132.9858238570087,34.80735783581258,5.890117344441719,672.3318575368396,1607.8424086834907,463.8343436330871,0.23145541581881013,0.045584418307693816
1277.1623372879546,28.881398173908117,6.019445432961862,549.0182140460226,464.4366223815914,490.8332415229983,0.25390845317619726,0.0272944628035507
2973.895147014828,193.40113311120322,22.04004442442697,3463.242058708053,745.0294836352039,996.0068052896705,2.144988650510304,0.06355564058068135
3190.799232624565,215.18664472466796,20.529225584953913,3797.738017138267,1233.6782290298786,896.8613546687626,2.2058802954823373,0.0681911362602555
2672.6461444908073,193.2784108066381,16.685716010934716,3317.8706328787584,3085.0009871709894,1136.3949065890474,1.6464296356639916,0.05711759472391194
2738.520370347698,209.80226599304302,13.55090680064974,3567.880719851309,1096.717391470334,1143.6393624668617,2.1730035484156276,0.05852540448690703
2110.2530908901035,30.56372994823654,6.038081693928158,559.0487813266122,2731.6209026636056,885.333861315072,0.15313539227359577,0.04509859304001028
2544.557997254443,33.549289795877776,8.555641117755505,670.6488216014017,2282.632022054311,782.3093983271546,0.17367994811334925,0.05438020021403106
2911.056316905655,103.85227875504832,7.704712235335316,1802.485523991127,1225.3003119571572,878.0396665931592,0.984759958919039,0.06221270079851114
1924.392034814564,75.2480004838042,6.0098574601813874,1317.597677444133,1858.2317004097056,542.4782850174715,0.7510736045153394,0.04112652344981638
2902.2923145243176,146.7536308852792,24.595551982112422,2737.2849180961302,613.9968753693415,1085.2178126852814,1.6686305557841288,0.062025403749401783
1470.0020198496031,108.77790188720999,8.841240297604658,1897.5118859754914,1314.5987641135537,494.90191570271713,1.2387021647315763,0.03141567385797652
1461.0918427679162,42.98737376326678,3.6608087466965857,752.2672916716523,752.0375057830487,454.7703785625956,0.39153753359378646,0.03122525288342321
2483.876334842213,173.42545193598534,15.089656745580754,3019.240346784656,2728.9251435856804,787.1830095475248,1.6397174145931146,0.053083361645266725
3037.8713995347916,130.1267229539317,14.637837076740917,2312.1552655939763,3338.7181793663613,1022.402395685664,1.0147425823276006,0.06492288841890427
1955.889987786673,123.90054042425817,8.005863107497955,2120.1578626893443,1596.332708495241,708.2057293659425,1.2083709592471827,0.041799671788664845
2459.929121847939,188.17102212644699,12.368407665294747,3204.2211809873284,1962.7947388056637,937.8660167614796,1.7033122834386156,0.05257158150954108
2453.577285659709,76.71209423667715,6.094661731517446,1380.6363794969573,1584.6709035643403,341.77536081156046,0.5869816035934009,0.05243583529192082
3152.2611243941283,244.34306875846946,11.536624861094637,4111.643374912996,2464.544469191999,666.779725393833,1.7663519158697347,0.06736753151487244
1758.360832130937,80.31621650182666,4.843010524268412,1388.8064428725845,1287.0943392884158,439.16810009849036,0.7344710044875277,0.03757824117310898
1070.7449272412496,36.97522205547371,12.46215216237658,781.307697004024,92.79726217715206,421.2520988620731,0.3903601561671137,0.022883079727152644
3268.6713431346316,281.1302744282244,8.829677635328059,4614.651713107386,2052.3836795357192,1061.6181344174292,1.9989882057214834,0.06985535494389163
3209.6710501276575,229.87425037697798,7.462764883328892,3806.11373857895,675.72840720243,1280.2996297450918,2.1912480669864864,0.0685944492188629
2742.0912576180144,75.81465664620801,11.749893773409214,1396.826995798134,877.3176844770023,945.7932849709518,0.5517350940151652,0.05860171855202602
1958.3320983091335,50.82837484360678,7.140435863319626,948.6955593189441,1800.1486709599014,450.4880876628186,0.35502054373031383,0.041851862565726906
2019.2872442756513,134.79231448395083,10.48802329082585,2334.8136280309595,337.23664815193206,779.3995133356799,1.4186230714901618,0.04315454580002981
3137.6217625788713,78.16420831925514,7.150047380995519,1399.7838986429183,3114.371516197423,709.2039933144891,0.45392505006930534,0.0670546711173581
1702.674820353999,78.42900814232306,5.387295998128338,1374.4088647660624,567.189837496614,356.7722669322608,0.7409523423758234,0.036388165540005624
1774.7506665973085,32.123856064662036,4.31210177905013,592.155395853026,1781.142195203044,476.51340599075996,0.1210352641855357,0.037928511232081026
1610.1043245854332,52.344050184438785,5.193567323588743,923.402474816508,1516.1516158760924,539.8575785892232,0.4092757719981436,0.034409825058382346
1927.6647661640893,94.33906265204115,5.369599497343699,1606.3235390000966,1633.0101375266718,651.5856495560932,0.8580616580198954,0.041196465571876846
2484.1392297658736,184.45346124420107,5.354819079653837,3079.4238227492524,1783.4036352238313,588.6721447068062,1.6708037399693116,0.05308898001930236
2459.0078610912487,134.34929149949124,15.381722397579436,2376.4192456754004,2612.045988239392,1029.7867048870999,1.2044545880316346,0.052551893082532455
1732.9272147689392,129.630320179036,9.590350870098787,2249.397958365063,267.47979601269054,588.1698895517144,1.4115181875322156,0.03703469482604012
5429.035872360878,247.46558150080276,15.944912763977333,4198.129057861716,1149.49102317303,971.9282990155186,2.247615515188274,0.06961493305164064
2739.3091612655226,83.62296279744746,8.534398407607833,1474.3775762958217,1560.3824251079448,446.08619524417105,0.8127049179106617,0.03512535712649814
5403.461180785589,204.32180962707048,16.652872022900162,3593.1638301647163,229.7398460445537,456.3651953543985,2.1316891007639382,0.06928699629018102
2842.6979692941995,147.82215615175943,11.15250232348454,2527.4481860584165,1887.7275962242309,670.3084339214283,1.491589518828575,0.03645108145737743
5265.837768312659,263.04291866862377,12.68505925621905,4384.1880319462325,2854.0163705627374,475.4542269837144,1.6301418727827197,0.06752229167763348
1801.0548607524704,42.37451106237056,4.279276304406969,727.5914668864255,993.0307132740584,448.6397358813553,0.3639840533184501,0.02309439769811138
4303.81289064316,200.55522249076668,12.821714332912276,3403.8885945453776,2559.4225556263136,614.8906104415181,1.6476965084156263,0.05518652911730032
2253.404678614778,51.50559461837253,5.332497471495001,893.9046843493943,1204.949820045034,480.827961616753,0.43907168334182234,0.028894746604760338
5305.635294421239,150.61895696187491,14.695251700155831,2614.5919075259335,4224.856071346337,858.6639453877822,1.0390877058201764,0.06803260367055551
1561.3990163799826,58.166014170350344,2.3790159999330465,965.9736143092116,751.7623805137863,331.6798660987179,0.5791747404716274,0.020021361167562528
5400.718975242319,165.80853629645324,28.186102664852985,3074.7302975061048,2117.2101985435024,901.5834931097709,1.4673904552124561,0.06925183379359845
3933.390707777872,87.32282610533659,9.525685156340751,1542.9185412946931,2567.966506885912,613.32912212457,0.7085110709159659,0.05043671422064614
4721.731783545469,203.72808184109,36.08038486467851,3774.1530641477057,1326.4102812301178,1172.0417762597738,2.0453740927714965,0.0605453803819464
5428.99822311939,76.08687026770572,7.287199251545695,1341.10690140373,1222.2277436555335,638.7516364332723,0.41506068320556117,0.06961445028647067
4536.577141674767,221.2430763435237,19.838163192210224,3908.262185655642,225.62548350421517,451.5860820895955,2.460740665130646,0.05817119676977876
4239.25171851385,218.90075210147253,17.063817467013248,3748.9067217090474,1623.0955813509802,856.2132108298374,2.0136026422774265,0.05435868016194559
5347.797895397412,223.0520001707526,27.682777477856167,3953.3651424834916,2613.663392661038,940.5273112711668,1.6765356164320988,0.06857324232412973
4790.09104348315,115.81209571130364,7.492298721604118,1925.6741757932393,3253.5067691161,1103.286605012237,0.8403925068796131,0.061421931102166996
4156.6245875276945,103.02226935477705,14.261020448120389,1884.1368636888883,1314.096082156582,525.0387293765414,0.9451225572018602,0.053299176720250876
1588.7765308700964,54.063321770117035,3.684100811186894,911.8088630308938,73.1222080871446,404.1625199733155,0.5353891332291456,0.02037241499795853
4626.166367613498,51.79768253757948,12.871357285495623,986.0285177166911,1536.4518946352252,977.0160076372139,0.23070129546493903,0.0593199731110117
3992.3342296064534,133.3452633377264,22.4898503777146,2451.114507771757,300.0143510924483,1022.7975806968914,1.4235038935685886,0.051192529695510594
5135.347248024267,108.9745117182054,24.10802090975188,2087.5045159890624,2766.8784568125925,984.8576501195424,0.9058205178240193,0.06584905004738434
4451.712392487595,167.84946563632528,13.6483609764494,2897.154063111733,1356.9582824650438,778.8455489641682,1.5858303863898993,0.05708300100684671
2604.4399529632183,134.2588967467591,10.847985949470392,2307.5946465426355,1976.9708541279215,616.7529676468287,1.379178429125347,0.03339596886540901
4833.766557197913,173.08791027639424,8.293661341117032,2838.215016523236,2821.839249785884,1235.5899909253744,1.3170969325865682,0.061981969391604025
4684.884560088912,163.62353794821118,9.716233812549135,2813.137845910718,586.7352189800436,462.51283582739387,1.598962565039731,0.06007289925373613
1920.0144686565673,74.04482668827166,4.246907824033208,1241.004093574553,497.21565940021105,483.4381287658407,0.752185223794048,0.024619781824278864
2065.4215878025666,28.58488363518247,5.257701995308982,533.0169447562947,83.7500964069615,334.42987534614196,0.17798974119482144,0.026484294622235165
3703.5063546288116,180.99649090291322,24.612985357445364,3291.848759273533,1281.9474987937517,561.5193520903097,1.909398661483015,0.04748897465319099
3817.621907052136,93.80177604864976,5.939337461127685,1554.262552376177,1871.4322872889018,969.5748902059831,0.7523355403267689,0.04895224487812065
5329.799528762831,207.53078723879082,36.905279523246925,3891.4199294246337,1085.3785480228037,872.9952986551957,2.1059261265792597,0.0683424545530111
4794.188963223312,208.11934778321753,25.53120430723914,3780.8451500157366,806.4945975098748,380.07930025772265,2.1816538988153464,0.06147447752386494
3439.2328634987925,100.64304247356301,10.151070160392193,1756.2667692591535,1917.052153106212,684.6131376754493,0.9268176826711655,0.04410027326589673
4108.622973400296,135.61399434032944,20.41712848512473,2480.309582150416,1166.2680943212745,764.884176236836,1.36726320562446,0.05268366611534556
2186.4051311548933,86.11889695537667,5.0515925974410845,1451.078962967361,329.161011637889,502.70610737455127,0.8853754290030473,0.028035631078437276
3218.991340093968,87.56679161921676,13.469488643413444,1584.602379326065,1100.3111860364854,772.4986285546782,0.8437477176915967,0.041276180873162024
3688.7180208714317,92.51241068108048,5.963910371436564,1596.8061721602298,1538.7650720254424,627.8294773379972,0.7970898210746802,0.03941612349267168
6455.334855309052,271.707934548003,21.688409181284314,4666.12997095202,3040.7869505137446,802.9439959417749,1.4398384116313248,0.06897905299448694
3698.9521780971995,128.35031715520935,15.835567499567285,2363.8674377038838,1150.1707436048648,316.77434825581844,1.335146041864371,0.039525481487175954
5243.292609141129,60.75221041869742,7.509826120799656,1131.5670492324025,386.93608684120716,639.1761217383064,0.2757758377054717,0.056027668100608885
3799.5922952334417,56.25437113847635,9.315143760405824,1095.2688793862485,563.2942659628467,311.8321188450685,0.4045068245658046,0.040600880382649654
5644.466827090558,184.54083183915623,32.770318533961515,3468.4253778111433,1238.4857040869936,1183.4644749443216,1.7953309363269983,0.060314450778845424
4200.543613489617,92.74984687964212,9.351995781603756,1683.435982408562,1866.4223824253074,422.719468797895,0.7855597207658187,0.04488528124644931
4631.485325874056,143.05403440487646,10.313622190443207,2533.575097514629,156.80237250736076,378.7242444188583,1.4300174009237854,0.04949014712597122
5267.742586315279,155.18844590432892,7.630628134587688,2687.845747735315,2642.5321536032357,324.1696300890097,1.2424423257864243,0.056288930499696146
5920.857160279283,255.038793684037,14.724561327256655,4341.163577836112,3204.398725187235,381.87545516609515,1.4491051767145426,0.06326784419181598
5115.441086041565,202.85563641646158,14.285854241307403,3480.525744857135,2265.497942301243,918.8058462273672,1.6512044886227906,0.05466149931386381
4949.906506299913,182.3479945808758,15.010958807731017,3218.5740498419145,2149.824199309046,436.36651493297103,1.591627907195118,0.05289266488399243
4285.469975070538,151.35648601310328,11.142718036442089,2632.1296476405178,359.056295995869,763.8729094933217,1.5331051138652705,0.04579276941358929
5811.5280070390745,62.60215974020255,11.26866345564316,1187.6655401830214,3656.8341809741014,1010.3935120809249,0.22959519550994106,0.062099597830591755
5278.0310667011345,133.32329221245024,12.74686561510564,2374.6124925818517,2632.5305681352056,715.7462404602278,1.0725327425383124,0.05639886896914441
3784.4900514919955,102.57745472173802,4.649773804433108,1754.7165774939035,1047.1616728837519,517.3062559134755,0.9135721425017808,0.04043950401802619
2898.624021057925,93.05375321601605,9.764490308191348,1679.5973809214613,1076.2431159373416,357.9667391367542,0.9486253987594788,0.030973503999596162
2568.997207504329,102.01352946732172,3.6481765731308493,1731.0200980045488,1719.934030870456,293.8930676730849,1.0172743775359852,0.02745124745517887
5632.659273478496,99.15240309257456,11.740705285552648,1823.5766113217514,2885.682132788476,642.6175911096057,0.6903523601697922,0.060188280117741494
2731.3631838140554,52.641951609438486,9.225597092983518,994.2047483696493,1643.566765949288,507.5651851177441,0.4493490365564901,0.02918622349211662
4633.604625172113,187.52496741614277,6.595632117649617,3139.1885677556565,1906.6528214157522,726.1936801445108,1.624865653474516,0.04951279308654004
4909.380437262257,65.18095193905283,15.132393250946713,1274.0228982822225,2762.0074268796275,1001.0110750402189,0.39655748546144914,0.05245961997982178
3476.1794282323635,72.24384441667029,4.291673638087844,1240.6271761776734,816.9793388267121,608.5956545145781,0.5679467208201627,0.03714502351511334
2958.816116740795,97.3388477652157,13.779403953884216,1790.4675642522907,838.9011003276197,560.386235278378,1.0260561884705535,0.03161669197528161
6401.988992004371,223.30456326396012,18.157782758932054,3804.11908174346,3848.9706404332005,1291.8908895875106,1.1496235127764949,0.0684090210419378
6430.273315665893,92.13148042726357,10.081877725417204,1634.7159899361927,1694.5933440925508,1257.9188184402315,0.5068977163996351,0.0687112556904095
2761.3402304426463,91.0903494508154,6.4460358984455945,1594.8154758219969,1405.6243224924967,348.58820085717815,0.900648212501204,0.029506545881947593
6164.564727174107,257.09573477038816,20.364010875987674,4483.822998699779,659.5676648973273,1018.4349566264874,2.519048120075466,0.06587200300755425
3416.310124559791,109.64845437659525,6.262015647523946,1873.1928050097097,1983.950367830883,626.9432503449395,1.0099100418018971,0.036505284762076075
3766.845040641645,127.51081866374878,8.788096329898304,2222.5546012309705,1909.8474489024838,480.2757014603739,1.198994213734791,0.040250956689991985
2102.2228778626977,21.347438846397566,3.4973466947646754,406.1382928529021,557.4035025340387,311.4359883655346,0.07402414451837158,0.022463488966657404
5860.061492926159,252.78683612677324,10.413069879274943,4234.35157087803,621.1270922386491,1241.936520437923,2.4227586907775636,0.06261820669752902
3461.456587646619,29.926813983757487,5.29325204170703,567.4043534757217,1382.0618000416682,595.1335466007998,0.04390317108677703,0.03698770129655202
3930.778443884387,138.5927325527686,5.711447891651148,2336.6731264737896,2543.079315573352,635.0888324735882,1.2125806209960424,0.04200268160640708
2830.3864567577707,21.8251619616815,7.467044704083553,462.7115276149275,1722.106450249022,544.9449090842443,0.02991815780123545,0.03024434545560461
3674.109763484294,158.12277019601046,14.838159221305602,2792.8985364282066,940.3704519537595,669.3989614368878,1.6531549907490526,0.039260025663039225
3543.361282005732,25.9611553950507,13.230692335088593,625.6766245060461,858.590901239299,599.2811206479457,0.0646425690798685,0.03786290117066048
3684.3156306440123,61.56778012817695,6.32820858098632,1091.7039671063612,1937.17354177335,695.9877091290873,0.4199361348973549,0.03936908136153423
3369.2716369337572,125.8373507054091,3.935540835993228,2133.7452541718794,129.15241706052197,367.0215387615754,1.2806217171350653,0.0360026508316196
2777.4167932527403,86.55635031015322,4.255148391868,1468.883176427809,253.79134215062913,537.9779034547719,0.8311718142058082,0.02967833341937249
5064.4739748680095,53.15830781693155,10.631362331295453,1044.9680113060313,3069.129225211612,699.5307982088727,0.21187537666172537,0.054116885728137096
4578.050682325817,171.76909454619445,18.81582679820077,3059.466078995199,2450.0175662713536,794.7368560858937,1.5096297605663436,0.04891916650425736
4797.447218255095,94.11450883895664,14.4117302463973,1759.0157359499901,2308.319744865449,736.4756938669825,0.7553896757034588,0.05126354764294083
6197.482941632037,254.09631568413204,11.267876511603099,4247.757504279809,3562.0388750026996,572.3264563821974,1.253760720638212,0.06622375350702059
6083.232101995602,226.05879711274002,6.753482162493868,3758.172153610464,1245.7912109742836,1048.1776354536426,1.9195677889847904,0.06500291602940085
5757.318628442712,249.06245190729877,23.372943869861516,4386.190070651168,813.9371344715879,1036.7915147299443,2.44102325619504,0.06152033870882499
3145.150572619198,38.6533410714826,8.264762249316135,750.799396441041,486.4107594639889,585.1461736192581,0.2191114073597812,0.03360778532594868
5690.509444428057,222.96997378230867,21.25386772366915,3862.4988015761896,3047.0765469191,1194.7277554519292,1.4832817270558456,0.06080644324902941
4512.300467785757,75.7058914442931,9.725720208320265,1366.9610402834176,2949.05246177296,886.6708827215475,0.513544989947939,0.04821658675668197
6027.268025055392,151.66457031763935,18.388439340282947,2740.95417783731,2061.468750304754,995.999489886889,1.2344551160766712,0.06440490692289084
