μ_R2,σ_R2,μ_coef,σ_coef
0.338949653474763,0.016635493637373044,-0.15141722583992553,-38.1976502910703
0.25318303987248225,0.04734064447183728,0.4719074239313429,15.415409038915271
0.47550185191032557,0.2630163706605261,-0.6871725690538943,55.24662359827599
0.840230214302216,0.006086677277790553,0.516249142744411,-3.9749636048546617
0.7858900062750971,0.880633848051895,-4.215970907030322,-85.58612803637827
0.3643012664392048,0.33685503757538826,-0.2910071480793268,-7.5214895221166795
0.06763882308691005,0.04152186428675941,-0.6994955468584172,1.173336129768395
0.5648055196827217,0.6251805489345085,-1.2823024344455465,-20.43746465161698
0.10555881975697412,0.04032665580046846,-0.2716199833293952,3.7321125134509057
0.1267030879139558,0.23716061631118301,-0.050819974257081756,4.924516598546753
0.8387277498944924,0.3393811808445818,0.2012015858726862,-14.526852650903994
0.8680799209966261,0.49381390327648134,-0.8737604874566394,-62.342869210323585
0.8551434697071258,0.4699322029953257,-0.26506710808793255,-47.17562497169564
0.6212796743465342,0.6029057323363933,-0.4739256323931373,-39.57072731559458
0.8650428234172902,0.8719396948277522,-1.5465581326420845,-51.29761386537659
0.31665651259939764,0.1804860206284653,0.179949997907113,33.37713387741148
0.6535084247873291,0.3140815716463877,0.3203365727593476,-11.679434852134671
0.39554910204121085,0.19140601344850394,0.19669001515773235,-2.775929970507258
0.34321131668662763,0.06138957676919021,0.4635280028658007,-21.13198422561684
0.6460947185152625,0.14671117304003733,-0.07316754680727539,114.03493805565549
0.35917627652604767,0.14536423371722873,0.29891092081736936,-20.811030833107996
0.7604267417460272,0.6567493413277048,0.0006867283228361897,-0.14017035383562126
0.7755740774480699,0.6645677781092535,-0.7221930419655701,-120.30141890937303
0.8220166026570818,0.5896677970389753,-0.09463859240943254,13.143877101042817
0.7688354118977305,0.5436594923599323,0.3688531503577469,-17.87958762035653
0.6196380971794588,0.00723010921144529,0.36868984084705,-387.7856605026321
0.5424459433866493,0.04892926683720744,1.037655407555249,0.7287069600595931
0.5837745342143021,0.02103980318026788,-0.5007830577815381,15.176077107595209
0.8685107980181295,0.3712209346610317,0.07182441628889895,-0.6492816498532104
0.8816223360166906,0.12754878478511644,0.21607484205466965,6.462676643036308
0.14381508836849421,0.16376372338116174,-0.6607213019566865,-73.40963287906818
0.548204399353853,0.5392021053115721,-3.0123325145210162,-151.29923568431315
0.17741337967163562,0.23144929983349738,0.03888502575219662,-16.956472767176585
0.5735515482969388,0.5105579765671888,0.357302834837747,-4.637002716200352
0.9090674538503283,0.8325775935897861,-1.1762061309390999,-115.58015332176677
0.8091319386820863,0.09786382516796888,0.0688954802312913,-5.151748498412892
0.14554262483752178,0.09023356339930444,-0.5474220762821432,10.891676048296512
0.3642958269206571,0.7327476055023687,-0.02121890975336884,-7.85371419317804
0.6926650258150601,0.2768031565107457,0.05003793482217768,-7.163430962375597
0.3424965316257964,0.2724973096318638,0.820728828973091,-108.7810329114779
0.7198423082259378,0.6735793358223321,-0.018213472724035392,-14.397808497447725
0.11601811485282376,0.0024476441063092658,-0.11330169452462623,-168.56066526136715
0.7345948280136692,0.5914854618697738,0.019860607131482983,24.291876057342552
0.8106647540803115,0.013462342111177028,-0.9410836885788069,-55.868787394894746
0.8663928073107875,0.8279403474932013,-0.48358543767528545,-26.73562300899031
0.1048580585682205,0.03324144276309282,-0.8882772153682712,-19.72800802508581
0.8430109738973758,0.8210219471802644,-4.3038874873195745,-118.08663935667093
0.29486574223829887,0.0072335152128594205,0.2699635212419865,153.90412875723825
0.864505048187658,0.41274719716104236,0.27524105669719023,10.150310036157109
0.09518265341819787,0.29890491251768625,-0.21614838205840362,-26.82365616263765
0.8862029000555296,0.760377765677003,-0.6465428716496353,-102.822733558543
0.7632251334323176,0.06326929921817448,-0.04966229161894454,-3.9091784687158717
0.7522255868886798,0.0629966052986547,0.2843707372752807,-62.73474715594291
0.10530053431165276,0.03630721538414439,0.20450912873691707,-33.009766265527
0.3377092018350324,0.12729914179488422,0.07968219315569224,-0.9840808201712768
0.618896346710208,0.37212652443342287,0.19327472300562124,34.34123990833202
0.6776071123987999,0.6440113101565507,-0.7192550117288206,-11.711070290532
0.04500738138972549,0.025871155214527763,-0.35738037590697835,7.243109408920364
0.9517356222258061,0.9107293645109474,-0.8816226357868927,-75.56820379557021
0.6397899711805838,0.001384460592342096,-0.013095184113287212,-41.70163444090188
0.6526873663596517,0.8105401390321568,-0.13507504703968498,-11.282383366150917
0.30554223589393725,0.1426469814212561,0.8534705728008823,18.87231966587441
0.6443980544512489,0.6695616527805985,0.26370112782535654,-66.58294117459467
0.6007538839167603,0.1035343237181906,0.2885527399514432,4.436108259057264
0.1344578019009065,0.0680281516385195,-0.7509865074845216,96.73573823322764
0.8238093613393497,0.12510724271301255,-0.02367739249891484,-1.9833573352543654
0.890269836362108,0.10852858127046383,0.18901093270981867,-15.813149857188687
0.8826485178961583,0.20194470613476467,0.2722869224549601,9.752428658215283
0.7294841597206587,0.7120887354937355,-0.3756674299787098,-93.4721044831649
0.14467664052043006,0.30202926741312963,-0.406398816250036,-0.06589281968075412
0.5842949222425892,0.05874425702030117,-0.2828404742700972,-17.390887311826628
0.794808459644388,0.5992595498875081,-0.04419224956634676,-10.759270967452043
0.5818442579432084,0.08374402385091151,0.34592902321776625,-7.21755560486853
0.6232542659763247,0.21710703292418043,0.22659424272676904,-50.33568187398809
0.37580246346580093,0.13484043025779524,0.1025277426789653,567.171198257233
0.5850420514501339,0.5175120509335769,0.05860169791286674,-70.01239190129631
0.4926865139910146,0.015323969693689654,0.6035250785659172,-4.409182507886021
0.46312695714273666,0.3936307307215654,0.248785867851877,-50.50687607018146
0.027376805721472053,0.15204506886088176,-1.674828464216201,97.91624999047218
0.15258814561379808,0.16558736946375674,-0.5642335384918119,-44.041255280486105
0.8059413921589155,0.6285626096726855,-0.9023545288038818,15.302760328481988
0.8144017019703064,0.4756643773456878,-0.8696488582041597,-174.4436896718826
0.5787125678893157,0.2901910496654889,0.5426042750002203,-51.465406375354455
0.8411127385291903,0.4091050137371127,-1.0278440021490336,-180.77355886659763
0.7572397901345935,0.9096628998231695,-2.324920109796978,-51.46941014541093
0.8662416435132043,0.8801732764409665,-7.609051988710823,-229.22361565815598
0.862327909794387,0.12344343428424376,0.06848979666776654,-0.2007279997190229
0.795619080746758,0.06844210083419489,0.3729477446202606,-10.43325986799579
0.42599257320626016,0.06031771062604352,-0.345811837390055,11.314157390930603
0.8288155806044116,0.18124535646853235,-0.23669266067694705,-61.54107816214236
0.29567345361008157,0.0969441574247083,0.39104419210401126,-0.7266770804328393
0.9304959014883492,0.8708080541513014,-1.431844323425391,-154.16517664852188
0.3358394291861977,0.24689828953981152,-0.47113923801988405,-434.3317835605106
0.39124813515732404,0.10054367579583212,-0.014451996270837411,-1.9127460484531789
0.5904768649736903,0.5602352403523847,-0.19163383032418668,-4.800814838551132
0.7647631682299315,0.5597633420071131,0.46166444288916714,-79.87660910355875
0.5612481100444402,0.461710597203254,0.5439616447897344,-13.275449203132112
0.8588314456101134,0.6939535810341264,-0.4362268900449906,-50.69533125343304
0.7886156379373334,0.09215148195170597,0.12479498679852874,-7.243887947832426
0.11566809993399085,0.19008757159886092,-0.9876330507629318,54.77268801422636
0.6684799245618636,0.814167796924053,-3.834396201255314,-95.17193699664529
0.37979433606520896,0.4877935487833883,-1.4954549818898493,79.49553348212298
0.49009103354094363,0.2717472105882055,0.6445816290361183,12.972337170558182
0.7261337780759292,0.09900715249493675,0.22319753818848434,11.309147613295648
0.7883054485574589,0.8421503340379186,-3.3672251529571446,-57.05947064291381
0.37224507076889846,0.36940921978421803,-0.8368312865691903,-252.8798543675152
0.2980850406482376,0.14972525551207239,0.38191152454906324,2.267903316974301
0.5022757633744739,0.4888322624110396,0.04311675501392808,-4.689795863004438
0.5153407461504895,0.38397570857508556,1.905947797076529,-106.94747209975644
0.5244621972813897,0.27564671774642613,0.8146595697503777,21.418678946294037
0.02756302304978664,0.028602825928356945,-0.4913109433234864,-20.574106600100187
0.4329855462385884,0.006019286456887651,0.42292529683350255,-37.45453510133191
0.7381182339652297,0.38208335118367087,0.470241004834957,-29.060791253243178
0.24809964076422153,0.06048680096951431,-0.8925207649879168,44.958848101149314
0.4340421770406315,0.2473166037251362,0.1839378656638252,-38.08896905842459
0.8783566331278109,0.759862612601661,-0.8861330375038395,-156.69919198146388
0.7568990588222546,0.7082936032916396,0.009657548821599672,4.1702634568566435
0.3068433781494817,0.023235419365509324,2.480125156408142,25.093994567747725
0.8180875549804273,0.7791685792179608,-2.071365910973312,-93.27549520561543
0.26543770277141787,0.0019392962516515677,-1.316075200241883,37.64266721435184
0.4229426818640767,0.4526690729768522,0.624000104672003,-105.9654877879919
0.8273949997881724,0.5392619631029835,-0.3149875703278099,-4.52697519887316
0.419229514302203,0.4838120764630498,-2.84661343485053,-14.275818168907314
0.4458265101988055,0.35787719262961926,1.5453837771232886,50.34098300971989
0.7827833518538918,0.528305245045609,-0.05743088695348076,-4.767326403712189
0.7089302371128032,0.5869924057289565,-0.8536431496020817,-123.68031956764496
0.8506670270711258,0.05174364620988148,0.21663300252537857,6.273967171444088
0.7970181449661052,0.18237810774693453,0.5161936030377515,-10.142750123602294
0.9544166813233225,0.9510195211881913,-2.3594460320109407,-57.74256136163911
0.7091022407656604,0.4454776537414805,-0.24209834835792174,1.1764162216368113
0.6239681546199438,0.5259708375978895,0.09407266357634544,-30.801544564005933
0.6031209549387676,0.19144421560326907,0.5120134960303897,5.683632712981118
0.6875095003121658,0.5403861211590419,1.1997481196014943,-16.607543371424477
0.6918091678134175,0.6696866795613035,-0.4467719394491341,-8.658613954729914
0.06608700679317991,0.0008701876646192153,-0.08694169986683566,-42.1599150184215
0.9568520152358392,0.9250750883380824,-0.7638665199268311,-63.599706268845495
0.7500317831256363,0.020857648539868157,0.1679485712394088,1.768823809444224
0.7971101216915701,0.7840137558985221,-0.3420414580476015,-79.02606238400762
0.7842334451550734,0.7427786233693815,-0.19209187552037332,-22.115543405626358
0.7298981941551581,0.06502415873600498,0.5659260302264445,-30.461717714924465
0.6127066465408231,0.041411625158027876,0.2963731992871682,7.684194632113483
0.9142973304985662,0.8616505056864688,-1.5139660335882856,-122.86716327680281
0.8635794381676635,0.12554488244318485,0.13013710094422923,-3.833400244193884
0.6290176957806384,0.8193443291109163,-7.988489415820992,-221.37103984548963
0.5104814949613747,0.0023084227827220305,-0.1929357759709287,-2.4600792483806067
0.3041595265062733,0.18750919791863707,0.8416101343080501,18.104032930343102
0.5250512179595456,0.36220178165969485,0.09135914349873048,64.1581766307743
0.07027570138763894,0.2671795082980447,-0.37708586092539226,0.4953209812674697
0.7929449388599331,0.36030760247316596,-0.10274405672773508,-8.02304337493584
0.7922095530948221,0.000954803934477888,-0.07183737317921998,-5.829889532305147
0.20951538031781314,0.0893250156748705,-0.38102892087180484,-22.654535301950375
0.09937638273715599,0.1523594512870552,-0.8313614587810274,79.57629287310509
0.6265332148627778,0.040566710766172354,-0.16890147026838154,-2.145313340154864
0.8236920123865686,0.44709772404739745,-0.03887158989574486,-6.422558681319995
0.16092363081711036,0.2087569129079071,72.96555884242515,1910.440212285535
0.9159780343824323,0.6055617150213042,0.01925271404429417,-11.2816185575447
0.7713107321235143,0.03476385466360632,0.5266690308241725,13.148914803275702
0.8203976799269852,0.5619379062637391,-0.4464718225253659,-78.09530742723572
0.034038856351701674,0.3611857056390041,-0.9266128695157144,-55.28057812511515
0.8777697616166596,0.43700617555290566,0.2889320037445842,-1.8317281245884174
0.07407425032368897,0.019632776268257768,-1.3521039518576594,-19.112558705214592
0.9518634529132312,0.938857462225532,-1.2116565213857349,-18.95082392619742
0.8431007648589913,0.6037187517082516,-0.7902632141998311,-106.04250473753623
0.6639289376805767,0.025483473248564037,0.2123162602165166,-1.8417439773683872
0.13734548984929562,0.11405956097480963,0.23632076144606975,-7.463509314154594
0.6386461692152308,0.006839280031528561,0.22449430659469036,-4.64203959619032
0.31793112769882814,0.12560753809793057,-0.23885987391238037,48.47223478101878
0.3960790234573106,0.0550181749241333,0.12446474308915441,-12.687923855507282
0.2217471304083376,0.3190563392775464,-0.4260940227012302,-39.68510461415605
0.2820954739240893,0.08774341802576535,1.064082686038647,16.703964484206143
0.8390758344375246,0.15525387869902973,-0.13256055218031595,-74.89247747407477
0.9050285706753924,0.3214965851986299,-0.06744698671390417,-44.35665745522244
0.010074090799759294,0.2615042842997637,-0.03821491470588943,-0.1257823330009253
0.5644084918375918,0.4693094688218704,-0.2104372256581271,-27.08238733957627
0.9359719696285513,0.00014347816599336038,0.03901556957963896,0.027904988719576244
0.3227155126539306,0.27465406938757997,1.3617526933281452,63.23328409856905
0.8136997150969819,0.1322294507364784,0.38872108531779553,-73.48068072018418
0.6579927919748001,0.9823130330557348,8.073949713312272,245.91924885373155
0.9263506920824381,0.04133339845886286,0.003822813483146971,-0.058586624217163694
0.4422800296148469,0.46106062183277396,-0.07984444712859436,-36.258371186456195
0.4118659701746179,0.39865414000426025,-0.17996929751462704,15.435510545765725
0.8139070830518221,0.2794965888414507,0.057043510705094065,-4.458786645573987
0.6520611695454612,0.23144454025779504,0.26375364950813496,-13.501583642732474
0.4219754934809591,0.28986260390535645,0.21221289976867236,43.7328959234516
0.5001440827127366,0.43415390157070666,-0.2011446483212281,-33.00328423878964
0.26457403018930215,0.20354664423277413,1.779969568975859,58.120633579003844
0.45200619823328336,0.08078629047494335,0.9151198997983367,-14.377076759445796
0.02024336410123906,0.42050320591362356,0.24271890661622528,1.757875406343745
0.25261517485867413,0.5083745281620287,1.1132411302104208,16.095235935199803
0.6977040332431887,0.15214649426229876,0.13219695200994855,14.481672275690837
0.9356375218689812,0.2695424972919823,0.062222492214019105,0.20974085251756372
0.6050266079589438,0.1978475144818569,0.3794002818571825,4.316291602444523
0.9811139079938485,0.7572221031979979,-1.0728550651654054,-9.866790708722514
0.7865540874842254,0.06398925938959954,0.5802335765755122,-14.346595277181024
0.15739078586704758,0.0906971035783597,-2.325202628785347,147.00555108287372
0.6637591753191953,0.21488339862285033,0.37885525514071877,2.7350015994670516
0.46352370724313874,0.17199718534553643,0.14013309909699842,78.45991126132783
0.8066958160084672,0.0036414934375060826,0.2659033397876902,87.70622729265206
0.7845214288121192,0.22844833363625772,-0.07048588402542871,-6.668199662170104
0.6337132496723142,0.5690569041690109,-1.8324907043597658,-60.18102309311543
0.9374596732106572,0.3540229741812545,0.0666542247803904,-3.592881032007524
0.12635338439881882,0.42600141156498295,0.04572796203346837,-76.66726633298578
0.5680105561406362,0.0028377571436219995,0.6683423909775271,-162.61946246306158
0.06496024804613865,0.02820996379229479,0.1440577998035487,-12.626537244941323
0.7839682458145418,0.26294018484834847,-0.08762450468712972,-5.312627155734552
0.8250052935361321,0.6655447783565029,-0.28683510882511537,-3.43904532459792
0.722990571231795,0.6524454839850762,-1.4852227879448996,-40.95870314372704
0.13918316206458248,0.0046747440145961106,-1.9318441289068513,29.856689943403243
0.6178671380155348,0.05956054466056526,0.07533647951107424,-3.572153726833619
0.11775600913435735,0.19396062253969992,-0.6513398751850565,9.84886808120841
0.9024210069938589,0.014108783590211948,0.03227946609114789,1.1396388933344184
0.6234487713211612,0.30706858646950264,1.016731271703881,-36.569528476676666
0.7782009063431014,0.13835668205181462,0.16035156779765897,-15.954575176122608
0.38321826504685175,0.030151081171733707,-0.23209613349821748,50.510175426675296
0.6023805828935411,0.27475376619561365,-0.12345400413692495,4.177709199791156
0.007413014492187675,0.03653315192454254,-0.1495045248768432,11.887488771712386
0.6896304651822447,0.3948160445455673,-0.0017312901696495957,-12.208296626201173
0.7871033237764345,0.04010343429469154,0.42212175318207706,6.192136067978219
0.1750686327200579,0.10998383333893325,1.200014855273002,366.97740696724674
0.8139458570201101,0.6849554106516212,-0.18548918488937194,-20.190353604642727
0.9375106495534932,0.05511638022645815,0.23830595329133675,-6.6531667639171745
0.5189776174673633,0.011671583445892586,-0.09204338646484377,-8.706366675094545
0.6821484024082468,0.1610996055181193,0.37164127351118853,-8.992868767982937
0.14217608382795577,0.00036264701979138447,0.40624266479195725,0.4107637159116181
0.820235871593197,0.08013102119667237,-0.08368915984067454,-2.7454124635781483
0.7379305346981084,0.27233483030802863,0.12760045046088325,-6.9204198432112705
0.7845773014179898,0.08139822849280887,-0.3136060264893902,39.39516845282949
0.7441313555561511,0.09871928050860657,0.27385635640364886,2.24472401561238
0.8661927762342807,0.789787521458793,-1.4783707883534878,-100.2721366392699
0.1299816144010063,0.02865698124425453,-0.8697257533651682,-11.56683318626685
0.3571584160346273,0.018140204380143743,-0.07015836630789761,-5.728311974258906
0.19812534741474608,0.33208443109249286,0.0433349233635653,18.076933070156358
0.8195560622443233,0.342382990486222,-0.019399141515224677,2.090865020767454
0.8668598857517166,0.5535683383713997,0.27851680003601786,12.367482985148268
0.1296350083321951,0.11378461645273585,-0.6872739092710901,77.44680870745123
0.5028915907142578,0.3495745021473199,0.31747428394751204,-34.20025360125452
0.8924597123525457,0.1879204420494951,0.12848342352915326,5.889334330409659
0.6225670677005462,0.6390613663766314,-0.3644881142300877,-17.315574676398747
0.1413250915961597,0.15333466228093173,-1.5274416367367334,-37.80632032104917
0.7900362300721275,0.5372957989032048,0.06820839158481658,9.011113085953745
0.934877793732166,0.3663211210772447,0.10034751936687959,-10.502261235788078
0.12143555260870675,0.042159717182033596,-0.3769489531503502,10.138884429119459
0.2071811002425823,0.00567387036807554,-0.6570705372879584,127.15282133863964
0.8607871168709327,0.42106375417859243,-0.9206806758574693,-96.24778526709801
0.4009013878214478,0.06121087603601072,-0.15006480436092906,-1.4472665919299268
0.9074845267249647,0.763552010374126,-0.08092613339749308,-13.738960882206593
0.3007020782037342,0.19063941711360277,0.3417668143317857,-25.00510893650355
0.27150787046539804,0.20930208278707063,-0.05982234911184909,54.88190825643796
0.4804953643243224,0.4978685508643824,0.03642873309955362,-29.542953462163176
0.3425099075751421,0.004572354430320891,0.42106811639939945,-117.83216360154685
0.09870223919476839,0.06592155328250071,-0.2306626302042109,-19.516219961198743
0.4399926660677279,0.4372129526091899,-0.05010710934454874,-59.127875652142784
0.5956432764481987,0.5261643236303903,0.3552817708162333,-65.3655244852897
0.3723778856573422,0.027999720612196466,0.1953595106123367,-13.77149439864215
0.28837224171326004,0.005456864879918033,0.5655872190958877,-281.77380487883914
0.7978371647650948,0.004705119272890856,0.2789610708347319,-6.088587954552701
0.9089452132999029,0.8607177599899726,-1.3137495319457193,-99.92826056139475
0.2272245908452124,0.015095869408501161,-0.23600557826202959,17.64828356661519
0.8186185489911483,0.6844798658569737,-0.5825861178936631,-9.215567139845986
0.5140159678958967,0.12332471453774285,0.5044132947741683,1.2744618739820943
0.11189535366656789,0.024400330178285135,-1.6988544635898293,22.629202572110376
0.7871258626769068,0.24426888551446202,-0.7355706129856835,32.721385446655155
0.07468506647662998,0.3788792281345562,-0.05021833576891335,-11.719385328296678
0.06997303583006176,0.39400171923216354,0.07140356158828277,-16.53093606563242
0.6837896397495975,0.015540864944422195,0.10893770382873015,258.17757784374544
0.9188108849309421,0.05034577600477619,-0.010845091901036571,-0.9829144433133614
0.9164217094547862,0.20065744515664785,-0.06223957942606846,-3.0204216462936513
0.9334657810102845,0.9284415942821033,-4.537946116860794,-94.23726607811076
0.8901475572392565,0.006853761558964888,0.026749621624174668,25.05112639368268
0.5772026153957809,0.7896927694249918,-1.1222372431035088,-30.820918181441662
0.7198996480982437,0.6754441568038425,-0.5918975468572232,-18.973659891817675
0.6954803040205052,0.13068977125098558,0.005288692414812426,-3.0292939156261323
0.1862134696247688,0.00957712180794923,0.26975734567809195,-1.8013330289539349
0.6123085877571272,0.06311348207874179,-0.07861950822536193,-32.74362097304714
0.15920369032212867,0.6646044277316598,-0.36944559490431095,24.763355263604087
0.06593737107009423,0.23345871244071004,-1.0956477038885346,42.21556711759741
0.7652347547738667,0.03605144286392614,3.0813735017456154,51.83785772238224
0.71214796166113,0.6611256450544372,0.042075879523284156,-42.87546972462689
0.6998251435887577,0.49023047535115094,3.7718507027751027,212.27717347915606
0.6176392523907059,0.5283098673338282,0.3934841459423704,-31.174950829827218
0.1333065144292671,0.4258687791943173,-1.9269861619445092,208.42388301031943
0.7175225660485216,0.6385367088717303,-0.12924077647565538,-81.18693225655598
0.8956984728160824,0.8244407341097086,-3.096464790880124,-311.9769068873626
0.8788954951420823,0.7872672548767856,-4.154422189811378,-443.9080886612039
0.759886918596495,0.7433616168431432,1.4986772127028893,63.78853947948195
0.2913825145847594,0.7597018772996924,0.22946003331432835,1106.9572118103968
0.09887193585090959,0.07932414881726257,0.18381071685790593,117.58367320089086
0.6701960807029794,0.7393186729203352,-0.7564297676791673,11.669671271126028
0.8931510011123411,0.8741395209635541,-1.417589198361866,-128.4380718647851
0.8378638687767708,0.6223345186725721,1.0374478003686436,-2.6712899269599664
0.7213922451278294,0.44481285276884264,2.2330248314749603,5.423294961583152
0.037694368823063984,0.06671070443068139,-3.5845889515637412,370.58959931449664
0.012594568259968075,0.5347752401757186,-0.20525294545586115,77.24213421106637
0.5662942022478574,0.7116983030139339,0.6304410005050874,272.21124431908135
0.21444249653470426,0.4635510779462545,0.20850006927827192,0.03140763687228074
0.6031361280394691,0.003477149406789226,0.6465015280441151,3.557368128880906
0.745255645803382,0.6340656631355036,5.055707793560209,134.7573447559529
0.7367401239102633,0.7631343788292472,-0.09151675936431769,15.172988998739438
0.03423302229004155,0.0795307416026263,0.3603565618595708,23.62583365822787
0.7249387346888222,0.7413145422098895,-0.8817079569078774,-22.592563394765182
0.6242187781555042,0.20852066305355876,0.011287535222210992,-58.71352663967716
0.8111216582748502,0.5812676277528103,-5.50161558545898,-537.4627282249703
0.9044091380729862,0.21310114401464952,0.24132464401255924,-10.784507743812798
0.14485211044862145,0.09796647727458485,-0.18952741778097942,483.1027829046261
0.4317303561709209,0.2502388991266302,1.3750614750022319,-74.4973578777892
0.6210097071101437,0.03189010170956175,15.035440614671058,-68.59263099252045
0.10272165794136023,0.23955902628289583,-0.665085619138037,-14.663064075095939
0.7554129469591874,0.10380153812804105,0.321752563050579,101.36671717141216
0.17066391718423013,0.14963905939211308,-1.033137510760104,248.09429306240952
0.27835416900698806,0.06742967638099051,-0.7538364613488285,421.08346559949103
0.6522012121068486,0.73203964488412,-0.560901927514864,-316.2660318053888
0.7500582754168221,0.6689908004261054,-3.271711775084074,-450.46226858541485
0.5370473631405339,0.3856644936748014,0.37770391906170986,-66.8005507184315
0.2386678453176415,0.6285738057709822,-1.1209480265667282,135.87434130883233
0.28930442051304395,0.5786830131205668,-1.961184887795108,16.651406541894442
0.28957564073011355,0.742241081990989,3.065143553714428,188.84539629196254
0.8694928676763989,0.2308828019794914,1.2795783992083671,-115.9086760838016
0.15680627682117676,0.3420424035853038,0.610115113498734,-129.14382098206113
0.7949490970031501,0.7629169052269555,0.9174963418427792,-9.066030320194196
0.8937335184899241,0.2054912438295725,1.791108038348587,4.900176999361161
0.7842740675808828,0.6356225687345607,1.7409844183062104,446.77255431114867
0.28262021829559625,0.5440880780158731,-0.4241066544878992,-130.2886286536108
0.6680677567188162,0.647879576874965,0.326788710092718,-27.319078651657442
0.6516871256161255,0.40835852600215095,1.6032424691906975,33.56211001164861
0.944110556867165,0.8787445940001195,-1.9444971845950894,-135.84274317540783
0.44859624868062586,0.12238819981118931,5.66670471181473,-648.7565824232418
0.9431108637134359,0.8734186213362197,-1.3043089354935415,-83.31529763914118
0.5527190092189347,0.6108042851428752,1.3257398421652968,-82.96087872632802
0.8459839108824144,0.7266817858183474,2.7886368091315274,34.308247451028826
0.8570259034883279,0.28455542131818745,3.9625103886834596,-17.472276886996752
0.35890198439676246,0.6824072524991254,4.918175440077376,394.1198102703681
0.7944086240586268,0.3330055831215595,0.9855319519732316,-38.612491515255456
0.26272045446616965,0.43736247987426036,0.4678251566515316,-128.04247637273053
0.6084677310055597,0.38392007857307453,1.1498935119568705,-51.96408832348789
0.8916842877407906,0.8722506265740043,0.5169125066084806,13.925265148328638
0.023746093349669928,0.6015267460218928,-0.017992016907261876,1.940484610807259
0.1865948625556313,0.47300622799907444,-2.4401663069362427,4.039479817010696
0.24434232038010584,0.12334107804779126,0.7584548627252305,234.02945580109613
0.7493060228093822,0.5084116915455533,2.7145192669678373,184.5167249274749
0.5831066946243479,0.7206965424984686,6.712970075106234,279.4177819571035
0.7068802258124987,0.4456605590699866,0.17879181100528624,-99.2253559145614
0.8598207762232719,0.013168157507144063,2.585305083926915,28.443704170332982
0.8437653349576621,0.8315828994094727,1.7394223244730975,71.68427018199475
0.8261793750515536,0.5693780680738243,2.2658907337955783,18.832884131410065
0.7733778656722325,0.7135311231203555,0.6162400110110878,-55.641612990846404
0.1556111316043749,0.6115036218188399,-10.839210203767307,428.577615473496
0.4908145872131904,0.22628777298633196,-6.204181222885819,-29.920254886461972
0.19164222830647204,0.4513315860752539,-4.730600368143182,47.89151213101394
0.5945760499130474,0.6800920459982313,2.7028495995303805,107.11609526398968
0.8054053347517032,0.4033444230354143,0.5017398818070383,-30.454282822537902
0.013466721485195454,0.4426694265416192,0.2553880267839179,169.64579336150229
0.7415842051532175,0.10421654183868212,0.48797480714078556,-20.47984963727819
0.5735026529046565,0.6315765122783906,1.0253026741950042,70.20535008028953
0.9094206173913569,0.8653851524590923,-2.598267757015655,-267.940098739581
0.6454602103270279,0.4334297693653163,1.521076246603897,-57.57719102066857
0.7091800296734387,0.7597898934384815,0.0318127355723358,-49.757533535048545
0.20779025088162195,0.11148194402564882,1.8077993630291704,24.047639670947188
0.8103061807091179,0.798950919936529,-0.8289998500821976,-62.73771919220903
0.2477518656286054,0.5802932833131282,-11.404348550180694,-723.9599003204153
0.6804954561075811,0.7803274953424075,3.1646924796881173,379.82648068381576
0.4308187588777441,0.3966712558155717,1.7882651109426762,-62.211326853974484
0.10624236227551376,0.5209283703899689,-4.278052482124272,43.83088814170897
0.44821054481726474,0.11869060427042721,-2.1424057606878883,-354.03087658268174
0.7691859726768413,0.8219770476279642,-5.746162019807776,-262.0747412518026
0.3196963843029671,0.02185436992664125,0.22275163862206412,75.56177874989099
0.8153595314342558,0.640045984954309,-0.7863226921008434,-170.2925200276584
0.8738333077148942,0.3128848023365891,1.2654029385430432,-64.19920963519034
0.3041140728303593,0.6117589204782394,4.3666787170689245,194.3626919491482
0.21932991758166598,0.7417650251033967,-0.4263167370123555,10.676538361573137
0.6803497743241624,0.2698700405669302,0.8372077391774767,-24.03011034059767
0.41433914517132353,0.17040275858359366,-8.718935922236978,181.20462847818874
0.8842063743439224,0.8459593615228291,-16.774880468491872,-839.0559995045768
0.7018737479984457,0.60334071569771,0.02537841732133456,-135.70010449681382
0.4684458929489549,0.7564880455494205,0.13143480529589294,35.19706541094607
0.09955545116213582,0.4629640955010751,1.2833386096971469,482.3792075107559
0.6430131489309356,0.22963086589002757,-6.530943554434767,-131.70531407300646
0.8494713312759292,0.7041433884437823,-1.7853385140275593,-115.85492165070026
0.8371434703765757,0.6209167250318297,2.37708309460673,31.7644640411582
0.14181473948312773,0.20424454780296497,-0.5375977195484887,146.63340502654944
0.5430997465659351,0.5766560587753226,-0.7847372885641477,-303.83575980068923
0.8305278526135056,0.8030216555435433,0.8926878061162707,405.8628204549589
0.164691513597515,0.15385883724433203,0.261030392898745,-97.477244207097
0.8053149688826876,0.749394562847701,2.5431969164311927,76.54850651688652
0.6736133629054842,0.6790211539141324,2.510376850107939,106.16412408302602
0.674396394354183,0.6343998035367275,-0.5142369623619754,-117.68602344724889
0.7787663596418555,0.7264696016659261,0.024355181894620378,-57.13220576052821
0.711455836902397,0.7114939725511877,4.903372691166754,194.2443745715915
0.7320971677690561,0.6638701247185761,1.142199256380032,27.98347645481394
0.09015967112762102,0.1095613230265432,0.4315053250303735,-56.26681940667157
0.8070218149892374,0.23131246500944513,1.3295921773482908,25.192182457341886
0.8233643997344384,0.32301175922292424,2.0509791717611736,277.0407144580694
0.8073616165206008,0.5949998555857141,5.551117613964698,-68.98079283962132
0.7602779347443792,0.6259073174603915,1.1857621044096933,40.387396465355444
0.45044824850824916,0.5905267385633834,2.2842617008321873,240.14901615144666
0.7475880131218049,0.6693126911016037,-0.6064265819333717,56.301047340494875
0.28072157772764905,0.5283507133274584,-0.13171543292660043,-325.26069112543
0.7520272697025852,0.6733712235955416,2.8809906304664503,83.4354782324659
0.651382321168779,0.6631028162346608,-0.2591076821488963,-76.27437671985909
0.46921611089686543,0.6439660707539712,2.5064234170075945,55.77408197878928
0.46058668452398044,0.20481889660172747,-3.3648055146508864,-28.501996009645264
0.07964253637583685,0.5469633767032265,-4.785121558772975,112.17261199730687
0.6272878152063073,0.5779180193849498,-0.2789905983649956,-18.740741204203417
0.6976901695945925,0.7617062525154314,5.601895640995116,156.32905875693416
0.186765706796178,0.6317699071010839,-2.2151661372943052,-216.5556158213699
0.4474855946906927,0.6976531057563258,-17.918072676465766,-490.3320677162041
0.6803688512132616,0.22116599221608257,-1.2844923862853634,62.04845695403096
0.659992951239109,0.6636324551837547,7.877438114753229,533.7714103264378
0.6515493851413476,0.49424711863851656,3.255721488698326,171.88856599336484
0.78321547926378,0.8091287387855268,-5.704019555085823,-501.80634106601866
0.8174628934390562,0.7718351391242028,1.4928930315840956,41.3879386127749
0.7400969113000513,0.8386436162519005,3.2195069886287864,165.39135060677594
0.8381002371901726,0.7052727127753119,4.5584603977367175,107.75877080553613
0.85432715482477,0.3369732832123653,4.189988583400342,152.78830017196097
0.02413988270472034,0.12199900023391186,-1.8473509518397164,192.4773712188407
0.8072347743941132,0.7469794576128748,4.4245750721942425,90.27848728840289
0.12168791128233625,0.600213649520049,-4.318222519165845,960.3041396220345
0.13217520420164153,0.3953062665230286,-0.9795724284725584,48.19245108340283
0.3485749347620327,0.637409018737339,-5.595056692760106,-0.7407702472403325
0.7915361251821426,0.7658929434186779,-0.4562971494258958,-84.89062350688285
0.6437992742041191,0.6162135726553681,1.6481624615632846,204.8914454437231
0.3777239227810306,0.6697541752702805,5.204728369919605,178.96423275873033
0.23965878090963133,0.44532440948121665,-1.631463113712582,-124.04787050318953
0.5193534317120645,0.4242470128020366,-10.824715297792967,-208.2930295103983
0.6669843871479363,0.733193108615497,-8.64569002400568,-236.89506318806977
0.6670904284951975,0.6380959292284106,-0.1372011394277495,-20.352405853591215
0.6568965204870139,0.47802636074327687,-0.40431691540436404,-19.74102494573973
0.043828954645767304,0.01653967147545299,0.07949521586230171,-2.0460243389247634
0.14318284676541482,0.009346685435160818,0.3759279763956603,1.294205872368935
0.6643621771624943,0.6526626235253226,-0.16573233373398968,-31.792355740011814
0.5380098205495514,0.19987349515804542,-0.022246609897333538,-3.8139932788317767
0.03898849352025746,0.0005162092107970917,-0.327782759378944,-5.583953109830228
0.065022869434196,0.02608892839280319,-1.0264458566615118,117.26026036289068
0.8689434427775704,0.6990992338801245,0.5051267596191632,10.546458032454812
0.2943767976563624,0.020901818175121933,0.2855613238598986,332.55222468753743
0.35680385614453447,0.006046219169186018,0.6655995854890728,59.35524810247096
0.9017575485916827,0.7230969238513959,-0.44923463915377576,-17.34372950497652
0.937640622876811,0.7765875000399424,0.0041535987202434895,-2.4525893575628164
0.07447196418713842,0.11832357721648024,-1.0628842602287552,-43.484052339023584
0.7211704075882289,0.5980865333411608,-0.3371858117369366,-0.5996618023198332
0.913807984643242,0.6945116356818406,0.10493557995855955,0.8554550640184956
0.13430969488648137,0.12301661445179346,-2.5391563122156424,-83.65712959736328
0.6621577410171895,0.055894780340400296,0.20788171148171444,-8.867091831622748
0.5383840203625021,0.006755466050760828,0.20737150094802206,-96.20700157676448
0.1429688986087484,0.08796861798711064,0.11941186382551337,-9.122380157370593
0.7364603742308247,0.11875119125006572,-0.14753448434820654,-5.407781653371928
0.9004944479327042,0.703510098659549,0.12406314285749498,2.197446689479373
0.6636216865344873,0.2358418441798784,-0.1299149193958001,-8.462606952809882
0.7647168472670971,0.10375371981559267,0.11545269021466742,-10.270157511977986
0.6570275459335833,0.3533832408195673,0.4362106958139749,-9.332679680497936
0.35264474883994656,0.338902321782807,0.760938147681905,219.93733664602235
0.4629938686732429,0.018924522776458286,1.0111168331284885,270.94972780144496
0.048253999809543036,0.096571542743212,-0.35935424513892267,-11.509613356923543
0.06517925373654576,0.01727829432113659,0.10322399157728397,5.610543135231469
0.7735120687858577,0.039397975707484156,0.01943405703650445,-0.527083289996806
0.5283619447588701,0.5727279184214282,0.015974254286785526,-15.474387400151222
0.814537063298349,0.03310892560177647,0.2805415632004211,6.010089318357977
0.0036707444102795916,0.03586231745543955,0.12048761401520515,9.82292145951814
0.5284110316039281,0.01931867885816152,0.14176807988605947,-4.695354241291247
0.11528223621375766,0.0020874142752701497,-0.02777545116561865,-5.734253235022924
0.41655240266243365,0.44219097244304917,-0.048152802607297714,-1.594497247201641
0.23407619475305064,0.027700566303497487,1.4828716591820672,-19.73390633708371
0.5824884978805018,0.14623993449900596,0.30486718209099384,-6.358920022437311
0.2698026269273388,0.06742647641228061,0.04175360642077329,-4.306775510094894
0.07305309655926573,0.023370164830384565,-0.5575495262892863,-7.606911477720617
0.49228156679610935,0.413643747882501,-0.2901759589124067,-11.38826305302641
0.8726134135434187,0.47142088802608895,0.09741331463276162,5.46792553351548
0.00787952298062422,0.07601056745782042,-0.09773969005091125,12.260347961291563
0.582763284454136,0.061878131145166715,0.05265602409123561,0.35837656857596895
0.7951794593237894,0.5506856593273346,0.1622465600579314,7.8700433120371445
0.46713288154139865,0.1251967970566884,-0.05479465575529466,0.9602717723405721
0.9320784503374874,0.009458954075744264,-0.0009335278288253721,-1.8232927865493664
0.8283643723168304,0.6918183635850126,-0.3123708473890452,-34.09727663584554
0.44743715818390817,0.006654051827346685,0.45334373608235107,1.6132811103785973
0.13460237830672217,0.2979095900474299,-0.314809415500623,-7.065808814653589
0.6582114352920786,0.003323320327501267,1.094703693059672,50.03755347866793
0.35878501792565476,0.00606065154679003,-0.07642916049804863,140.2866376326814
0.22720796535355958,0.11841366287593735,0.7142075436842079,3.502230304671645
0.7831086718288112,0.0942562761122625,-0.3478244922901174,-97.98648978158784
0.11464355118701586,0.03650876377995371,0.814444212149001,-10.523075330049785
0.8104153798136713,0.03771928748031206,0.3646212819766748,-4.068114755120176
0.8610981145720831,0.42881565429104884,0.1629678463944303,5.001884938529963
0.16315106140746272,0.14615693408886965,-1.0339875807416188,-38.83246034773947
0.17575593792941357,0.005993157859913278,-0.6473966236588422,-7.855037608788948
0.7809356858314542,0.563387366763491,0.3573665833205031,11.326922275072754
0.5266802892901399,0.0035064910738341615,0.026529817357293088,-86.79330910642496
0.49752364884516664,0.3789889347465861,-0.2463195377235091,2.9582531068355524
0.5800399377808132,0.013248313507706722,0.22330130457415268,-0.6756516058762978
0.18887146859636694,0.0018384707636946995,2.7644483874861043,-414.49307069310504
0.6783186841679996,0.4827104327205284,-0.12018243624300431,17.55441677977391
0.9425200580725634,0.7738395840458404,0.08827993151110651,-1.3849274510315843
0.7103041356821853,0.02922548607046016,0.7797134372649178,-23.060261341960334
0.7777943680404249,0.06967237080912081,0.04057900402311721,-1.1937474438854934
0.6916853678001083,0.02714996796125213,0.40263877997592373,-0.9653248949994768
0.029454352826890684,0.1634276313572437,-0.12002895839282775,3.711669380618677
0.7830752722576881,0.20923565331032745,0.08602109021058352,0.555136115809357
0.9317939391534795,0.7760398292305617,0.04233661671932724,0.5419640658073142
0.9125879869053519,0.7584724220242842,0.1072968223321356,2.9000742007590867
0.8231050430769266,0.39691173852805717,-0.08289910318923444,-4.04927182143641
0.411923452993313,0.21245629978315295,0.7141849303412348,-61.82503477970471
0.6460391821874877,0.751657909718437,-3.839734160798193,-56.08005659714913
0.5523032110650968,0.036472151607538694,0.15284401983478238,5.250978481200373
0.5773434389485288,0.42118780402980993,0.12601727965325887,76.02606503660218
0.49484586984989176,0.07100533655123709,0.6669394219741911,3.3668406851804864
0.4254885998580431,0.37907803438669885,0.14202103800845092,-51.93909125651538
0.2663759918565872,0.12507548016901493,-0.9872764693790315,-47.76093782011865
0.028451644510555152,0.24237031497175376,-0.4305713385238447,19.69100192896664
0.7023705210891122,0.2817409407832452,-0.19260432929759005,29.793457014525277
0.9029693059222492,0.5700668721182371,0.10876883748169675,-3.5479862278902092
0.8896200900935709,0.06018963941557354,-0.05918087976522816,-2.6229568609141083
0.055075380533243457,0.06488946379683513,-0.2225784549674163,-5.536956791513602
0.8945258202829833,0.6098088240287668,0.032421036631326415,-2.6433483536259526
0.14177580954039137,0.018016983560341093,0.5893289447936797,14.374659308679393
0.05021005853756588,0.12366281826579484,0.12634615711295902,5.919247986757701
0.8561945881138195,0.45152332613562074,-0.015775600530728715,-26.34240321036489
0.05133212539877485,0.06540795780264863,-0.4226699858269632,-12.994469746840966
0.9372122831863239,0.43102997704210355,0.1272800311106658,-1.9028323842467765
0.7846175554301773,0.04026755405172788,0.24180352396698568,-6.184289152318226
0.6778651202438586,0.019723901585065873,0.7447439209183893,-5.139495825876771
0.4247760847016223,0.21001546467006016,-0.22636610870197627,-13.792696110678857
0.42692617385794474,0.35104016362997725,0.368193623112547,10.303096867950167
0.7773461810933756,0.525510246125156,0.4889472304184425,7.244452076870181
0.16234411500283985,0.10123913364442538,-2.8875663173469888,-48.88303044235298
0.3235050666777296,0.053000594656603006,0.2968174500589224,-22.957689861352055
0.02987986688090949,0.04170225299091368,0.08296608267667704,-6.4431215221215234
0.5681983032632526,0.6632786662818624,-0.08362384654155346,-17.00002045127427
0.1906754953356331,0.23990540453692322,-0.1772251025498469,-8.421933542587658
0.9150070275620342,0.6795994433187387,-0.35064997201889087,-57.594065971852594
0.5638777840584099,0.0016596292675347124,0.31729154636758594,-83.23884932996135
0.021680068184664614,0.002694936874885201,-0.3596216850709009,1.973494775127745
0.8127712378420385,0.8185705221722036,-3.826058093816819,-55.94825956640622
0.4199220115137293,0.4001787697025786,-17.276849316255475,-257.47323996911354
0.769703664293689,0.26770993653152064,0.5124082801340418,5.597211341921197
0.2843104395729902,0.29355400578664215,-0.18359336981367222,-15.152675549587734
0.2429627245814444,0.09764401908918496,0.11303302940501109,-5.519983095816215
0.03404132824844086,0.10246580299428787,0.537765955822185,13.708414623540826
0.8056292298545624,0.6848682496788498,0.026424920673407185,-3.2909456876193635
0.10706504147380047,0.05235032238490178,-1.4006466744518735,7.5785554333682885
0.47856246073759334,0.03694894088981571,2.172827456617436,1.6471815664086444
0.9142643020145251,0.20386889725769264,0.3082338551168401,-19.97602918749761
0.45035420988641095,0.48907155923655443,0.10588680664564054,21.57819153059923
0.9265218028585933,0.6399952178734238,0.035648656451972065,0.08683115383477023
0.17585157394122253,0.13745777827365402,0.03058262511745254,-0.14581472002958315
0.40294765974259283,0.40217297815529685,-1.9506229449009067,-42.920977600572876
0.017642323440905328,0.013343633801403243,-0.3493739701496751,-21.537932187673793
0.43522481743150376,0.11170725807744641,1.7417729113895528,14.59857335262216
0.2721721311413765,0.1006089491402079,0.029745432242833162,0.04049803484507556
0.2803061934826798,0.3963495796144886,-0.10542592898433262,-3.01080619874272
0.8923939797264586,0.553144830947814,0.19653871597145858,4.0306376639953365
0.07079571693649911,0.026417908519476452,-1.5766893208268815,4.737976507640382
0.22608403149547507,0.07486763342407876,0.25368813814300506,-17.679095223981452
0.11551679871166076,0.10524287122965759,-0.8916503816332527,23.739659738255778
0.39178403170077114,0.17897197163906875,1.018087494437253,19.229921113519808
0.05351917082492419,0.020939986262820343,-0.28000373832404346,-2.134189489561856
0.8572440046310044,0.7314163147940114,-0.22070060573600045,-20.231175781323785
0.6075901381304423,0.19810063337250483,0.05878588744154894,-6.389677942303169
0.41151191064799497,0.12923028593170494,-0.007596169042531042,-22.078905997624396
0.38477261444610134,0.004654783662930928,0.8674124886997941,-205.78797744127942
0.19972501452359315,0.037357001010527746,-1.4493503803991497,61.64033652486305
0.10087486319488292,0.027787029203604763,-0.22612278589701962,-6.31039644788721
0.923944091947022,0.7501956019623818,0.08780460024643089,0.735011493405544
0.09920292454623003,0.02766939746528807,-0.22630327523116728,-4.187794212273761
0.013397319876782499,0.000998383500841693,0.054808873339469405,-0.3878470630811414
0.05037316248618362,0.5888916862053246,-0.031945682239025365,-20.668229795605182
0.9201233156790105,0.5323801923193514,0.10405254290844718,-3.600389550823261
0.20005591524300148,0.11828510205779375,-0.46737578204880337,6.954046643732061
0.5738136083825146,0.5516795892264406,-0.16130367163953763,-12.338623984784093
0.8099836450085159,0.19193830163597325,0.188182553072856,0.9786262486739773
0.47903340042368037,0.03465759530953605,0.4218991032441651,3.018672009384016
0.8030730475500054,0.22489976509726306,-0.11593669559960952,-4.82736357237022
0.6372596716298871,0.6317950958738161,0.25894747115391004,27.196233636203946
0.7593049620387687,0.0055773336709802335,0.2464800082187172,87.30439278800246
0.5265486637269488,0.4601162440241994,-0.15116327144213512,-14.743160347193577
0.6530352984183292,0.4599875715382479,-0.32647150309155665,-21.668150104936164
0.899304851484179,0.6818431164910594,0.08692173555390785,-5.1033386416261095
0.24319406695232715,0.11286397314797425,-0.3464444775460381,10.96076658909385
0.5645702545782787,0.35272086843085926,-0.2620961439070062,-4.32703776120868
0.9166035808436677,0.6641192648663858,-0.00900170947548866,-7.53349333745256
0.416117270035672,0.12354521014999165,-0.07870851697090478,-10.145795246431465
0.036434095843344894,0.0633549188125403,-1.1444762855234978,-9.470613333713152
0.03616009719107649,0.0021690923040166288,0.052674908005350456,-218.0775860164025
0.18875896056345154,0.0032991151771740723,-0.2149055113321047,-436.80259931546993
0.05275365065155646,0.010026178416941756,-0.10391188567893331,-1.2729822802500093
0.03525207332684355,0.04205508548071235,-0.7802446156543994,-25.496818714164586
0.029931052201585207,0.06627180374207431,0.1538668036049334,13.763857081919502
0.7884074845185959,0.2585404076838701,0.3626081824232134,-0.9788760288649152
0.8269100136791576,0.12191368363653288,-0.021075431904290946,-5.272887623719732
0.40190499216758624,0.38918683539907484,0.5152932684615315,-94.40572087604285
0.06589333036144684,0.2232067120473693,-0.2239744347726701,6.143617921946829
0.6301391722655972,0.19521133735828167,0.2593870640901057,-29.429346331410073
0.3131214482665152,0.004342385577314367,2.8030284499831803,8.594266881966917
0.6293877093600158,0.11592150654121103,-0.01638030231449591,-5.531082498828408
0.07573271949635196,0.11745750248644127,-0.009104108347431195,-2.637113210849537
0.28261461827405265,0.2994074418317153,1.1460221192439617,-37.141715919403524
0.17475184252866904,0.1815144991023354,1.0967748445809817,-29.17372868114316
0.7796430112024284,0.38301374496154916,-1.5436448997493126,-259.3877921419635
0.39410501450127466,0.24220573492577568,1.0654782896518629,27.543881689574352
0.33625220043263493,0.0020242174099639465,0.1674619704097157,-140.20050466302231
0.871248790590001,0.10690163640439343,0.33522679373000136,-43.6668789150112
0.8406976826151996,0.8047916839597958,-0.5262858890722182,-12.138027045090725
0.07779794090618908,0.23689261623269375,-0.3791140979174581,-3.709154590612606
0.11726520602786727,0.009399566658269354,-1.5781764095818345,12.603290986655384
0.8940037884198592,0.8291460982119805,-0.11647683602334719,-3.4968150709774797
0.020896592525563085,0.19564981512448754,-0.20269270491655386,23.592783292987825
0.17671731104191768,0.12303675829182326,-0.23546819677643843,14.352640744664294
0.48866351045827083,0.3255525085183094,0.07943248109419015,-5.666561367411837
0.7799870175962917,0.17370860586172632,0.033408128893647644,-6.660105239116395
0.4568056441083317,0.3922736464033859,-0.45606405404258843,-13.570882535563904
0.5309172661894208,0.3433607378375664,0.05377781406794691,-3.1845775985736147
0.6128906244100736,0.011097297538578021,-0.008620053964332283,-0.36488991948323307
0.7782929789342333,0.33928712165173136,-0.1420293353672313,-11.838091396637344
0.8825390158338016,0.6039949666650465,-0.3506309571549038,1.4541038187193394
0.39367227197493426,0.004742863187406465,0.7005837142201227,-247.47377945590287
0.2728730166048854,0.09473283895909301,0.05693788046317535,-5.7736826898322855
0.06837194845833816,0.08728919614986597,0.17715741544008906,4.338173454315422
0.8138602863405032,0.12475391587303852,0.5698946686058763,-36.17501177325638
0.40720784987204817,0.03590747978548137,1.3735063448733145,18.888093167900017
0.5260945348417805,0.1933014231156791,0.15501767719427792,-11.840024962567895
0.7585845439826482,0.022953145016685883,-0.22082838399509166,-8.696127184075996
0.6542346517403687,0.4061731600602315,-0.2650468884292451,-12.692640912937447
0.49345794367424844,0.3323177622397424,1.0681372537621594,29.725981204172893
0.4666258497049446,0.11781172490703229,-0.2238744303309492,-5.138214182661269
0.08354155464348423,0.032776891812642206,0.1013828647988278,1.8368565380264326
0.7536155799114401,0.01949145782327244,0.13828778611605913,-4.7274054473277545
0.8738594164677733,0.003926010592395279,0.0798647350201824,1.378867308301328
0.2903255157118736,0.09861006053707755,0.4974846332699453,7.078894164806321
0.05374554184495439,0.014640618826092244,0.02266259850536786,-1.9606072480505459
0.7564134244002639,0.46853249169822275,-0.15172141311911322,57.4965439604083
0.25308438405211175,0.10473163201990976,0.6668972710538343,-1.6026314272447166
0.6725389469534315,0.5033180012733016,0.47432482659569003,10.66389031074249
0.6074712478261294,0.3369027754796716,-0.5149232279739097,-3.9600917284504766
0.6717791140668625,0.0047639475203156145,0.0858388689981397,-115.27927002345685
0.6530825225728798,0.23745486993887321,-0.7268325668373627,-26.810788488071037
0.8372612666398696,0.06879959220504683,-0.0617244084269401,-5.23025073366638
0.9112271476146607,0.3016217158701796,-0.104570609097265,-4.974858039403408
0.1961479057093426,0.17019723877236492,-0.22421831142040566,-0.9626399207213403
0.3673081915920733,0.12067614860156739,0.021338395257838948,-3.2701647884610057
0.4393930534291991,0.002707364719552463,0.08079494108473285,-58.796382204099494
0.0420389467231157,0.5685524074061816,0.055376792587789735,-24.964927684869586
0.9083723229192939,0.7459425620079567,-0.08953316729863456,-12.489191838137891
0.06989368537207963,0.004191213439586061,-0.26539446591923466,-82.04619105967679
0.6928581633787458,0.7885065493378245,-0.34239366319748366,-11.338611273914204
0.545972011846728,0.43301322993214864,0.007386063318647665,49.97784589382059
0.5624563914492762,0.5489458050839499,-9.3528498613127,-76.01784089454048
0.9299785335397599,0.4309599920160925,0.07814026194956065,0.4540907539979555
0.7790995410889925,0.03241058113041628,0.30599398255551824,-14.39913687691419
0.868843620606529,0.5521186177745466,0.19995654218548534,-0.07224825458512069
0.747414090189003,0.3902307084332859,-0.12301980584616831,60.64528185961067
0.6381067945329698,0.011585029214008724,0.8541237929549269,0.21593841705670624
0.8425499796123339,0.7125475460413895,-0.5876786850767808,-39.00771964491127
0.7443264745863558,0.47490024092313965,-0.022503591548176424,30.41423918299049
0.1961958260277359,0.031338029043036175,0.49723635791009085,11.63676292238906
0.2531853668551064,0.32515588711848564,0.41952794702983615,-49.570388551077585
0.24066806360405524,0.1086042180940846,-0.002947701333854753,-5.612429468461262
0.45164171650418095,0.052220162450234864,0.417723524491228,3.20731631561331
0.10662082787725047,0.1497685204883612,-0.5542537134103336,-6.732681389540782
0.14126504024082198,0.1652963284382878,-0.5876626250913276,-9.812104646494682
0.7448794054865544,0.4182934671123598,0.109752453861356,1.6761832834179855
0.8356644221695099,0.7675168380217914,-1.2116327555449637,-67.3649828774564
0.06743553806245695,0.10449145984488706,0.8636649894773561,-29.79453686084659
0.4129732552151284,0.013523749415376596,0.02538183393009802,83.59430371942656
0.6365663000497777,0.018489820482024966,-0.3436433165267624,11.362269752486814
0.6653425761468683,0.43927468386345236,-0.2178905624916957,-1.807249215675312
0.04012531047533874,0.20180801490897415,0.06555703207551529,-6.817373481255795
0.7197882265152926,0.0489051268463363,0.12464142254974192,-3.903525383467105
0.3801655421085941,0.0018278298144522864,-0.0004697887520125771,-7.923598768812091
0.1899019798706726,0.061073541960266486,-3.060561595095066,-28.653791856381755
0.8032634394755103,0.04432073525952296,0.36449341030792043,-9.199395504780693
0.40390414959780896,0.10138656858405837,-0.03595199910291671,198.64766393447556
0.6542812740794848,0.1738471059759299,0.41393401021626725,5.191780661541165
0.702127550494998,0.20728588670293213,-0.02041757351952197,-4.2973509114153945
0.6306337958830972,0.09093718471538192,0.31627879188770364,14.984670685379909
0.5621433155637845,0.016479381421746653,-0.0015987168740050676,2.715387903961013
0.8974645442473225,0.5551409223428823,0.06997065576764142,-1.3622552947176405
0.19731527152149042,0.02616933739302385,0.2196210802792437,-4.663580510258514
0.029462367156349867,0.0928918400725064,-0.17183241238558003,18.639722438941696
0.10272974273261626,0.037816581345673894,-0.25995274692703474,1.754075558810079
0.03797226833413947,0.016507960861495197,0.21188747601454716,-23.53342955771227
0.9118442052851223,0.15819726832117087,-0.04511540738781994,-2.396870564757104
0.6188703779254814,0.022493959483107284,-0.10128847936130912,146.10663605782761
0.8487853830648296,0.7647980084937379,-0.7562669222422916,-38.379487495629014
0.3665346806061255,0.3174506916322052,1.9977559110084355,62.84627014286816
0.6509448220981309,0.5453689372164798,0.45169965514233495,20.36524665402156
0.48741687522113164,0.3679035147884693,2.4033198817318735,78.25184188685334
0.8980416410826408,0.855048731567623,-1.7248107932362293,-82.16386903250762
0.7482382408904493,0.6551042889818766,-0.5325128574481918,-20.51611015258852
0.7097290046033349,0.6868194614746047,0.5094602979587881,41.712441366142635
0.4354074650295159,0.3645228918220863,4.764864917980283,233.4758994354114
0.5440502166341947,0.5520712040990814,1.5689476759588292,87.76800880230854
0.8965603197081999,0.8588207545287596,-2.3107670036690378,-109.98984327173102
0.6331559509448593,0.5767195392263404,-0.3799566679359957,-22.71421622216134
0.35768813644981023,0.19246515793328212,2.3327489927926024,31.707159774487828
0.647938200478511,0.5859652214510844,1.193005309696926,37.64751440200806
0.7976674068816695,0.6945207424293367,-2.1293846179790346,-83.74563080974312
0.23012741486782506,0.17585014277602196,2.036655687541354,48.04133165285521
0.942693074564472,0.9381048821997,-4.9597279209804395,-170.56239565098693
0.6132379106900157,0.5242839135737019,0.547671900513705,0.26729938162519806
0.779009932725548,0.7413153310117546,-1.0726886570945295,-66.0096020856369
0.5522769139184407,0.5061953508683775,1.6176090391501547,83.76830372609082
0.6119069455240377,0.5841039820507744,2.412874263446924,128.0965788738083
0.3661463775882101,0.32063357475428444,3.051893871572853,161.7296776065312
0.9123584240319534,0.8035572107995188,-4.06021632042482,-136.18589966714248
0.5914403287738679,0.542959815509183,1.2265376799381775,54.17396185955818
0.6127374375758148,0.5522420725484506,0.8671769533295133,42.91717224090408
0.6885460013264685,0.6223743058439034,-0.06753357991888366,-5.009522734203376
0.8771976499387026,0.844667291426627,-1.0389515357758003,-51.826916515421956
0.6428982821498723,0.6030974062477749,0.5133972440999462,18.216519269388822
0.15171332672916849,0.1564837992710959,1.865715000966272,92.75456870116618
0.878786581871508,0.7989185316635938,-2.108064349811928,-69.07030079590768
0.9649341087630715,0.9015637266326331,-1.2975946609090165,-47.40663890302139
0.8316402087007693,0.8339293713205403,-0.27734229299733765,-21.653439073090528
0.899393560609033,0.8563966225757602,-1.3050723136068791,-50.944811837768555
0.45473428910766145,0.43018870722693936,0.7763713453540982,9.444899829531478
0.2575778473186492,0.2720453599110443,4.213668886140713,140.3379541274887
0.945153295529882,0.8980246131427256,-2.328794139183906,-103.40891378180285
0.8248385039986686,0.7596577713999646,-1.3757217587974335,-50.92966622228916
0.5249533926414504,0.47754632823679966,2.999762274279577,129.22630289239845
0.5083591598072887,0.46344604396861566,1.1013649028726393,10.105454731436827
0.5907207373716256,0.006244787105648575,0.07476350646237902,3.578101462038265
0.9525958722481227,0.9117156972215561,-1.7112019787583232,-73.38385787583148
0.45027933220160554,0.005923920711012665,3.2336950888700526,299.3421422297763
0.5828744364426831,0.5654722258176278,2.105015434054314,112.39322967727755
0.8508437318977791,0.8011120708567707,-1.217791890046044,-60.89769325110789
0.5789837555139428,0.461810901665168,2.518585322692161,172.45543801639965
0.6660564143120107,0.6123325738325929,1.5775730129393906,62.646258821154746
0.9616795089313189,0.9264322825059471,-2.7837857472857728,-146.76638631688155
0.6546334807210035,0.6272211439034943,1.604263615136657,112.36673052782922
0.7232252694185246,0.6437255560387329,-0.7558506378293306,-52.63722752415933
0.9598446880142457,0.901188265475028,-1.8854647013224544,-78.4027836966254
0.7971701069338812,0.752577001569649,-2.291695274761713,-154.0782344213779
0.27939182899529436,0.20142168573731922,2.4599878748489346,81.48716764890364
0.7216207218744204,0.6533291672132422,-0.6762568964125544,-25.35800203966345
0.4459478872667434,0.006005336860671395,0.4335448914980776,-2617.624762247992
0.5858676150319659,0.42325176504026873,-9.053329794690393,-321.6261536495004
0.6169492715045438,0.056524145894682354,-6.470679365328632,-347.5287848989817
0.8916223923354222,0.8059777238070849,-1.4633193011531225,-60.19551439850899
0.4813011356846174,0.39334663804103,2.470877483799633,58.53702727338251
0.4366356798451253,0.42039006901386655,2.567408853314771,154.06849165331047
0.9362921215873139,0.8888347695081842,-1.605122418425346,-65.94131506333824
0.9143889946651275,0.2971489529447259,-1.9024567239680727,-130.47812151365648
0.572231011669533,0.5347474613972798,7.126348754705235,293.689351792841
0.7284725564281617,0.6336194936543325,0.07030497858773462,47.74744490096487
0.2585843363946114,0.15732614303934767,2.140217081224261,62.76501016150168
0.7270892000832506,0.5390110544125615,-5.282463848411152,-560.9434092938774
0.7628780754822506,0.5348300448386719,-4.886904047743932,-617.6638478615876
0.6445000173859177,0.6366313993649342,2.4018606290742417,176.05317849488776
0.9412799550019996,0.8522638198326691,-2.728663662584477,-124.77786287447553
0.9194494826139411,0.8861478853940058,-5.193471450966192,-381.52802458280394
0.7680153403852055,0.6002358018136438,-0.5337963295445785,22.94969144667964
0.8881473742458104,0.7810888791446381,-1.265769877338128,-36.67811505147941
0.7157553358468396,0.026243880934491703,1.1710218525055858,20.364424011288257
0.9351861635051869,0.9099866503063347,-3.58510624112705,-240.16560447232018
0.775437673352175,0.5016267009417427,-0.32863772054936424,-152.26215903933286
0.9394204107338924,0.8829813854155283,-1.2624505540645994,-59.21343067726641
0.8807517417957212,0.8583829354729998,-5.184632325444963,-456.5571650367395
0.7029538372000083,0.3996027406732685,0.09822780602808621,111.2698867295341
0.6494519988134038,0.6110789427215018,0.8053095439914043,50.67646656930693
0.9343655786485106,0.9144556606160666,-2.8491840512255755,-154.95115717561484
0.6814733302482123,0.6410702191195672,1.0816893597372836,34.86525633232177
0.9371989034685932,0.9031122080770182,-2.2108084210926893,-91.7152261393308
0.761296116529503,0.7048446114535307,-0.10617746630892438,21.97251858177538
0.6564950855753294,0.6106458176235345,3.2359501463274642,150.62232082333662
0.7053574263370201,0.6446781217256721,-1.5505229174462583,-67.92934978796991
0.903820951707484,0.8592307152256224,-1.3521641604757766,-71.37275281373981
0.8994596979390174,0.8658126545014107,-1.5441313641907657,-73.67100640575218
0.7677881394390623,0.7233048360135726,-1.4414808883556938,-66.60937362693396
0.9231899748043626,0.8819588320773571,-3.3517641276323102,-176.0816730558395
0.9586152166656244,0.9328282598334213,-3.372174385648925,-266.41504153936154
0.7416100204097151,0.7088709801328648,-0.5869518791854265,-6.299564932147597
0.9679676026373634,0.9330053287375106,-1.7368538365498514,-82.62516086956528
0.5042342773482621,0.01682655457347304,3.454297342193669,726.5124650080128
0.929458246314383,0.9027969177322718,-2.429448677245379,-131.28790389290202
0.8979939435853335,0.8363729521713338,-1.0265797935599297,-38.06865322637885
0.9349920836225548,0.8787736985174706,-0.44527118656550696,-23.63207599516888
0.8522758156028529,0.6757808914709045,-3.6517312734292595,-186.67204060099496
0.9416396315657375,0.8627608654700722,-1.2699981712387263,-83.92622785269351
0.667854228888477,0.6447910189981734,2.506607291578674,98.41529778024281
0.702227147130531,0.6720947682639723,0.2571827044625273,87.71286948258415
0.854903739622386,0.8008796977054758,-1.5974619255415432,-91.34787939427937
0.826181887712332,0.8211867069669609,-5.07214068519388,-128.35682339240753
0.875410293610795,0.7947472441682099,-3.250311955297192,-414.0323151907926
0.5792052142201904,0.4204514618083287,-1.0738340061035223,-72.91727182966972
0.8776891319294531,0.8234848931822665,-1.9336917152325,-186.25484666787585
0.9549232269826348,0.9268421810699282,-5.485739212274855,-385.25659530266
0.6357336855464556,0.6201258543839882,0.7108157090737645,91.60263345311587
0.909981009787636,0.8338087126800695,-2.2257443614549244,-129.7724262806351
0.8733095116118029,0.8104763783292948,-0.7990963349628774,-30.895934119294008
0.8937283047707516,0.8350770642006476,-2.706927153071944,-137.77386030512346
0.8965602493809209,0.826586784758834,-0.9615299801057243,-35.796868699858614
0.7559829812776049,0.6545051657781914,-4.8145136278578144,-78.31031685873428
0.6530110201113366,0.5581160657816588,0.43598659774239623,-3.468525649292064
0.8044191425852081,0.7804185950236666,-2.1989836661387216,-99.72529918474285
0.655319774687484,0.6213247716815302,2.1293616811274005,132.70312379547528
0.9215537499848732,0.8621534555540776,-2.526649652404786,-126.37797574192413
0.39921291074197707,0.0040671673007321996,0.16922716341189512,-1945.6118105302846
0.507399251205665,0.04519499391833115,-2.233768751998475,4.093691859968325
0.6873835668274964,0.6114954081301749,-0.46833444374847544,-24.122607508692422
0.3783515890646163,0.27319633339978777,1.6094369175136816,27.42993930506383
0.8334768676551012,0.7773159436372308,-1.5211441674664847,-47.53830184200921
0.9420561884580982,0.870367555913603,-1.7264885292296601,-87.39732065497928
0.8107629467580224,0.7626744571179133,-2.540943906202344,-138.92372534064125
0.6833844600222985,0.5963823036785291,0.6702373497418191,20.319177135281944
0.7407136487661374,0.6674848165569158,1.5205606494052881,60.564715012419725
0.877071701978816,0.8472636878300052,-2.3047312236426207,-117.11625718662002
0.3020554322334944,0.23719454412157936,1.4801456022306418,14.062659085299646
0.9219718402429989,0.8379367373121261,-2.45365831972786,-119.05889580389795
0.9563146275751361,0.9130472119340106,-3.42072069682986,-186.20413552713637
0.77718785419868,0.7180859522206835,-0.6629459171362414,-34.154902980045534
0.9618959189143148,0.6348211948636784,-3.7609270120958262,-207.75840316757098
0.38716036603493087,0.31798523144624635,2.7864669621972262,-105.29993229596244
0.9130120298788073,0.8832232902374867,-3.277715875787802,-208.9657540690626
0.4056006712439608,0.10952385898091621,-2.8621938807957332,-38.008603120233175
0.7967293397819616,0.7266298658396044,-0.9083311150956499,-43.8919075174777
0.5981342476117699,0.5695581956184951,-0.10801690965425771,-5.146989267339827
0.012913512548484496,0.01829335645696606,-3.579349036095552,-630.2300942121489
0.9083750562055255,0.8047881675814159,-0.7710208941090188,-9.738446485349469
0.37903217097575437,0.3336922172224547,3.1439064215695547,188.35334423185333
0.494217314512014,0.48895555756962084,2.2733084857659263,68.90741049600159
0.6789360126645437,0.6131697391708333,-0.04790649727162774,-7.208359024743823
0.7025669962184071,0.6147871466139716,-0.02070162467737967,-6.072394761187023
0.6856855084473052,0.6419913555765826,-0.054013440731068355,-9.201932595666802
0.70694934951784,0.4905883662462728,-1.839962894006122,-60.74820225847793
0.4825465248520392,0.4171586557128788,1.2653332906195636,34.50946475371685
0.37436490105790365,0.1984300388746818,0.6895090359068182,6.595156848970801
0.585028930693156,0.5583045286072561,-2.410485385431541,-33.55023915901204
0.8627472204191957,0.6707405153231749,-1.6883096185941702,-68.39425180945832
0.6067407796095636,0.5496841166904565,2.2957671176976433,102.44402440630701
0.31945669050009107,0.16418615047154772,1.544847063162668,22.20294723964696
0.27440375209734635,0.18187468204926172,0.8473006567592197,27.001187397260406
0.17516965844254695,0.14087740221991385,2.2553650544807895,117.39760925486804
0.5856459535156036,0.48882701466659373,-0.022780758964121312,-5.39898213430386
0.22068029463322747,0.312708803455616,-0.3965059703402037,0.8840431798505312
0.323884241284886,0.35145010890339423,0.7717510763742002,12.180432779066116
0.5556123054456257,0.4515772934381497,0.609036131609832,14.151062097266635
0.8020028547068571,0.6970522074930042,-0.010517622038631479,-3.2244578606932426
0.12563433858297168,0.07910543465564757,-24.97116421881143,-658.4519554538525
0.94229768378524,0.39253888484184163,-2.704850647108982,-149.27631364317642
0.6402382185308264,0.5377219435789782,2.1528970464534005,71.78109327809949
0.5899908611617228,0.5595477728621845,-0.29928821629274166,-4.57393422784751
0.22953373748721684,0.12664341221270603,1.3697890060451665,14.473320050030095
0.7864675202576097,0.04395611689764878,-0.5009493833588764,-32.91206384980367
0.9265991947612942,0.8643902890149546,-1.097899455461882,-41.20106084677397
0.9119932295304297,0.8598950107564991,-0.3408135091342952,-7.84725876976156
0.6101222944918876,0.5494011897863849,0.5345394748957516,14.81207152455582
0.32893289815851845,0.2940605966408535,1.6192717265013212,16.33437692211173
0.45449766331202224,0.4382432206276865,0.8939340275730194,13.276373482916364
0.8080672001325152,0.7183256663286528,-1.4901919546661182,-65.72409865165537
0.6525483420706338,0.5504903195175428,0.6369316939096933,11.794994876195236
0.6715260248028443,0.5079548606045003,-0.15454138665324993,-4.102734571115351
0.2231119296988704,0.17759484103884338,1.302922670136704,36.13288227315231
0.6682125999921654,0.5989371064517188,4.210135599833028,169.72318811919317
0.46554958968706184,0.3711060324443932,1.215862439323212,31.539493901740524
0.6362165446162134,0.3765343552323127,-2.8878080225658955,-97.88336839172857
0.6690364330190612,0.5398698263036696,-0.25521348448062464,-13.918759187395532
0.6189846931080586,0.5897400243196098,4.680154903236019,199.8054704751726
0.650920637849629,0.5432865985841548,0.1009952736608978,5.396365625033469
0.5975606691858524,0.48518088979030727,1.1296410646598842,37.4358839068194
0.904151111085067,0.8483673395095539,-2.6760436711752407,-122.76090919188394
0.2731266010735963,0.2296362788248174,1.9414923586385269,31.38757618030604
0.8925405104349624,0.7800162141992688,-0.9560969461081724,0.9191559291433958
0.6014028756367962,0.5777591718639513,1.0835813034424027,54.63544432755502
0.8648891094039203,0.8174385173206054,-2.1038290603514604,-71.14828654452597
0.6745228886687412,0.6005535965332645,-0.2926167623643998,-15.350244208931722
0.7315592948924083,0.6379626113174908,-0.32852082199221033,-8.316439714077475
0.761469874895927,0.7214845584865186,-0.3891987618822167,0.5190479192677747
0.9041873998800946,0.8384372957863742,-1.774573499521518,-86.45204708940916
0.5098355977652895,0.44085817234419067,3.286549756101486,144.144600808751
0.2735117107515195,0.2626016536789805,2.304039390723718,47.04817654068727
0.45867739292725584,0.38633212695172936,1.8126771705622338,71.12832064424148
0.750416798938637,0.6637436867979278,-0.8091608949872329,-15.722475885004386
0.08606926911508983,0.000425385432126002,1.5613443000572025,-80.14569157703316
0.7678927032138896,0.7209777760472896,-1.1641036288860316,15.827881847473124
0.6155397173175957,0.5570151435926112,0.19934447950111733,1.2114035930789537
0.3689257653653656,0.37849676939559485,2.269486020356806,98.85244955201497
0.4137762186242373,0.4161587577274968,1.4314958636542143,16.550054901292278
0.8323307352320415,0.6730559059163775,-2.381521253238241,-65.13777238245308
0.7452087829753988,0.6727952116877032,-0.8454210689474625,-51.611185677372596
0.40097994471038545,0.0018393294310893316,-0.368969109057693,-373.03422793038027
0.2482504393965559,0.22479277434029798,2.5678687410827346,97.94188498584592
0.6054962019010899,0.06768550394938566,0.8163737087427525,152.90507259929737
0.8626065227720385,0.7896875095523311,-1.4376941192326742,-54.104240228756694
0.7968411840449703,0.7629036310599815,-1.4113443780511608,-73.68190044734436
0.8626269862299919,0.7663410071305796,-0.9366622855020903,-43.720457517022254
0.33036751916185747,0.02464070404021146,1.3657987931263291,1633.1560007305604
0.7810873471786093,0.07651172124377881,-0.7077527904679428,-57.47522911909979
0.5593550108202879,0.5141536527011714,1.7174923454398436,86.71170278582231
0.7215805524343414,0.688822567419896,0.7453446429888151,49.14896523498008
0.8763700771904221,0.8102085746335583,-1.7444371363166902,-83.6051728389699
0.9237228524172433,0.8547843463038209,-1.279413162811891,-45.98036048596009
0.7543667440604758,0.705178537084709,-0.5044336499140523,-23.350350356456318
0.23677834931641606,0.13256100103121116,0.22920125407492178,-48.601050271052614
0.4192460487905072,0.3857551281648798,1.3255841254191763,32.80128076255495
0.9401685581611028,0.8405053527894804,-2.753957699134662,-33.47804093932999
0.5928264724655492,0.5087384131066468,-7.646633009446922,-100.57887617599332
0.8480199927179748,0.5902799023066774,-3.180892156655573,-164.75307102368765
0.3970840056113455,0.34273751062431523,4.924393966274832,112.04493730320837
0.7082533511456106,0.6448009225439326,0.3440354015589661,20.57232375678118
0.9321984917448592,0.8735196510570837,-3.089007804775007,-125.05484492008515
0.8715434127016446,0.6979691971327207,-2.420692339381962,-219.10711048729473
0.34501320643765754,0.21939969699926898,1.5581347894344086,33.32036539771932
0.27062126642562734,0.1638062424373269,0.9429711558198349,25.665671815753093
0.21929672729927108,0.05686353063751726,3.4148215227658576,71.22637836457623
0.5131436580002591,0.5324490713136412,6.593237461229244,432.656898632074
0.9429238175607432,0.44525437262258205,-2.269692905338805,-71.40125449715669
0.8485398374957134,0.7886594761509917,-0.056375225289999185,33.80544942587067
0.905959306044479,0.8663427295129962,-0.9260407631820254,-23.484448212612254
0.6531037210688047,0.5967576991955585,-10.672185565944128,-272.0606531732274
0.85051895146146,0.8005054623350101,-0.705708107684414,-30.44170869596281
0.8978827817753493,0.8491679967933727,-2.463743219345456,-145.29767600708382
0.9128704529852394,0.8658678962337449,-2.2724397998036068,-108.49768589134852
0.33320262925914523,0.001234283086512633,0.7306116944656856,-1063.466939455873
0.9336306599578192,0.1531501131684634,-4.5064496049508485,-332.082152911876
0.5059543541786765,0.6132645900179426,0.2744664758256936,-21.16616231239029
0.8533048717705183,0.5242346975588288,-1.5171669322563892,-156.32980373666447
0.8068414160845699,0.7739090174081452,-2.1767441093328186,-158.82419623793044
0.8118764579639555,0.8085233713352629,-8.032420001371094,-556.3614536907426
0.939588452654438,0.8770770735167628,-3.5493298706004692,-141.83935814838964
0.6734234362868761,0.6367368829936177,2.188760299551117,174.4399205342708
0.9298423782051234,0.8828333049230497,-3.6087653757068687,-302.95393418549247
0.9234567965705123,0.8844360470927626,-3.9450877993779128,-282.6221210981418
0.9010222121011621,0.8492048596543793,-2.3066905331816585,-47.720390620479144
0.7727725752151701,0.7053165709964648,-0.9304411509502711,-32.951744777426725
0.7927034317218559,0.6912663905306171,-8.17143000354756,-356.38572084826467
0.6895330845277934,0.6583281583463463,0.0004886874393917986,-4.35160226414368
0.8188290328862123,0.7147494368825793,-1.5046249549398751,-49.92155446485333
0.4475785044106261,0.397411355558846,2.0225883100590996,48.43420722531719
0.8575781708529808,0.8317200873380634,-0.8299834766639328,-33.934070590818834
0.8035236585515889,0.7538379489649405,-0.6005396603350359,-27.69431148211422
0.9051767125681017,0.8311137434020878,-2.8394800952940322,-134.01607278591572
0.9400594581577224,0.8935104511250742,-1.164968637262255,-46.09503042010252
0.8504487423711784,0.8064458706181838,-1.6990997846389422,-77.58225426553699
0.9646319262450443,0.9095090383614948,-3.694902274274415,-174.2858302489957
0.6090163103779475,0.6258768441868232,2.5364808216807946,199.79267912513166
0.6593977185165656,0.5645089425836474,0.13620260839490309,6.426184566993179
0.8161346608538006,0.7780345654893828,-1.5111061015303666,-101.0582009931037
0.8396690426854578,0.7822422293037602,-0.8146957706677814,-36.07387815610849
0.65258129581484,0.4839653797319764,-0.9994346492349897,-18.842169250766297
0.9540408075454915,0.90550141536813,-1.4772527153259294,-45.01062416921712
0.9248323412697435,0.8628789544088031,-0.831689351296644,-23.396905883785774
0.6970175424387822,0.6323308899473928,-0.5507589701219215,-31.046424675078534
0.8434000275661954,0.761408917013751,-2.3032205502011522,-140.42476006830148
0.6467388199248698,0.5876156617390145,0.2575789058587289,5.722399232978068
0.5571709504364752,0.5238068582851574,1.4622725440237128,88.678970118209
0.9211112142166512,0.8868142077431207,-1.4166796955751402,-46.336407842238735
0.9010566390232265,0.8537886924582658,-1.41593053966599,-60.12959482646572
0.8026643227996022,0.6166400363705519,-7.798746773216208,-307.43885204004584
0.9321264856460271,0.8755617757127138,-2.5326289409932143,-129.8871072119988
0.9074259722718487,0.8207571546347578,-1.0279722236997284,-44.061897863929204
0.49687042530400916,0.42509222719276585,2.6877958430777875,100.01970258702458
0.7624669085081526,0.6560954138463784,-0.3220031596110475,60.765383184158814
0.9201633211556207,0.841860205879848,-2.9203267143964355,-173.61015487297388
0.5548893721724604,0.5712658694110059,4.448610107205403,281.79812441896865
0.8827955525274509,0.8497954614092292,-2.3574624764691334,-151.41151238775444
0.9279761875094092,0.8622741492385886,-1.638064520521947,-67.007175171626
0.6038154102852323,0.7394818738710167,-12.206574715601151,-293.233912091472
0.9178708410251258,0.8686779571228094,-2.1250377839674752,-112.43069223028878
0.903514545922049,0.8521752564337501,-1.5897557456083553,-100.09700615788013
0.5607089552573079,0.5419172495412422,5.274981924028335,332.3509570041514
0.8082200316498938,0.789744146143376,-2.0045237264128146,-91.47579689494758
0.9286838468465983,0.8845432952487716,-1.8309430438817529,-100.03034572295137
0.8819861213349482,0.7652542581090795,-4.294158457835091,-200.35356536385905
0.8414234723731143,0.7728139656908639,-5.289493351827793,-264.09910472536353
0.5937263768576008,0.518705802144791,0.2765073600523914,3.5213153301021505
0.6144152824960902,0.5603225115131633,1.2850221352363251,80.0198908639006
0.8878744868454853,0.8592057748315498,-2.8602649658461194,-205.04518061365377
0.693182189469041,0.6121713385720873,1.709969730184368,137.70378148668573
0.5302947074289922,0.3056915622213544,-12.633233869071715,-379.9692747944674
0.5923289353804696,0.3636107560553701,-4.55395727072906,-117.02405114417583
0.6777658096931152,0.6402794866677874,1.7113786506851798,48.39771727663016
0.9374240712743371,0.918861482920124,-3.207749867940047,-186.87939249296264
0.8580328885229258,0.8089224976484454,-1.3795300035612152,-85.58594613787663
0.8890916384500548,0.8088439063672244,-3.0803979347754304,-349.8745528616231
0.9680072319052189,0.932898715876889,-4.238058845844799,-260.5454120705876
0.9202360393536483,0.8810836189047073,-2.305502795342448,-110.6877686843575
0.8829188327898952,0.8563315682305485,-2.2338566807324716,-130.40960761210636
0.8204879230062653,0.7926482140995705,-2.821837163933564,-195.2032147291177
0.8393670948157496,0.832815686570231,-1.1204462374526465,-60.85504972640956
0.9253679038982354,0.8794522551747449,-2.6578664771583482,-157.06693059955577
0.7543200811619232,0.14334776343566946,-1.5426349333718175,-225.44257263427824
0.8967213723674818,0.8636738896209699,-5.257443037038411,-394.3502430600174
0.8321242055929684,0.8012903706024825,-2.0007002026133804,-128.69489263297592
0.4325781232120889,0.3857336947137804,8.599686860214227,709.5180661144285
0.2645031157467953,0.22837896869250485,4.21493336549649,190.57863967480984
0.9513487370290545,0.9123628216367891,-1.6611242466345473,-69.29636720765657
0.8279420982416412,0.6938543788256926,-2.4889622535520863,-154.88628275992153
0.9175045617048101,0.8384870489716783,-2.38528319584836,-123.76437805516512
0.862864567826779,0.8342636259183116,-2.117330263323577,-94.48402149026273
0.854379675726898,0.7035504998899134,-2.1479340663760085,-95.29083304833874
0.3124670965805635,0.44500301545283816,-27.929466357848266,-420.5145176381323
0.9581027884520522,0.626727154735427,-4.056754852695096,-274.2974386849085
0.941146283917518,0.9177916129344006,-4.002264609983582,-279.098503321711
0.7354188229348739,0.7201340623488761,1.575976629657707,273.37559679250467
0.915323341206454,0.9033160458707421,-2.1233640883994536,-128.84604806358047
0.833333666564672,0.6247304990624347,-2.200809064530286,-181.85543484835267
0.4035815222695185,0.2085732456848467,0.8847569992858244,12.516639999453915
0.9220592427204888,0.8658372208946505,-2.203509283254323,-113.8569411281421
0.662971449535521,0.5775288669890132,0.9132618282584213,28.027287440920336
0.8220187081222923,0.7904458250822717,-2.0445422890661757,-130.58027101152243
0.478955388245888,0.4469901950084715,1.9118494965299269,125.30525556838465
0.961405218988964,0.9170741310719911,-3.427517963994843,-160.9977208740594
0.5036038121305738,0.48265089096528757,3.135915637435733,193.7428005023945
0.9564732679076096,0.9121754898467487,-3.009964941914119,-144.18626611499636
0.4417340469644282,0.4085824395137333,2.693589601418804,119.53188360034255
0.9599012382733764,0.9231106732659684,-4.375757801061302,-307.7654075910165
0.7394372151188366,0.713086014282331,-0.516417742935913,-21.21706301194447
0.7555043796219796,0.6851550805540776,-0.375097833551566,-32.870486328489086
0.8023012791332459,0.7544285342231276,-0.759156650967637,-38.148862462948884
0.6060616576444198,0.5027216284182728,0.0778575717495923,-3.307419844458419
0.7115503361788349,0.584026400081059,-0.0712180306572157,9.883870587832071
0.39677088181476494,0.36317384233295114,1.9781381641506441,99.07867995991627
0.7031595670469138,0.6604032318810954,-0.24168485548158708,-11.823554340787028
0.2661957214914138,0.2102652715145693,3.0824723174174022,58.19579171613422
0.8836861669445918,0.8371788682876667,-1.408142950649212,-60.2689712664644
0.962618386933905,0.9256902756717188,-2.472896882716734,-138.74269503191044
0.8398757724547897,0.7478732369355967,-1.5579529652154347,-49.125209607494945
0.8979544704248389,0.8363005049076863,-0.5131624092201614,-21.478746724783658
0.8628931932892714,0.818676253587679,-1.1175287727438221,-41.19679030682676
0.3934322568029246,0.2944172143926682,1.9454313683133373,61.70797162889388
0.8554382170201302,0.8326625916251486,-2.5136021766224728,-149.57398512677835
0.22100871641176212,0.1717042184428208,2.0402931724751685,50.69327360749655
0.3916775119793481,0.30063538126845224,1.8604816201185201,54.256902301087784
0.9480847912074624,0.8969864640936444,-2.924088474712425,-174.26960852935753
0.849285659898219,0.0467691683019017,-4.587116888018919,-94.73374778595914
0.8841244532302198,0.01644312012042548,0.2532925630506405,-32.79522458681939
0.5360144700379625,0.47931760817912084,2.6986612850583525,52.830199213821096
0.7234583523893171,0.5720928203143347,-0.08246077083947809,-13.7598102186211
0.8464129481673516,0.6134663347921503,-0.1695058169500015,-18.998395001980764
0.8049281607449674,0.7583254323754167,-1.8391966042557784,-85.37187615386252
0.8453121947404412,0.7805893082286347,-1.078519420571834,-57.51899310248586
0.938558966868569,0.8669809739006938,-2.500970585007105,-116.21220753063872
0.8908452765977598,0.840165240669019,-1.591344703325139,-72.28001953130773
0.5310503092973466,0.49213696917939764,2.596783465717005,80.71237671609914
0.45518991037916845,0.014394622626056508,1.7478909297778606,4.731756579527288
0.8255312307788375,0.5652794472779407,-0.8112459436639395,-76.88017632885365
0.7218220505289745,0.5797681631831426,-0.4015890518705192,-17.74990132965678
0.7910216331031814,0.0023653411684829706,-1.2348539946775776,-372.7209905782837
0.7630256437906358,0.690028631254556,-0.1453267450428078,-4.218769189649199
0.6983267460985705,0.619058134650366,-0.32293457006892407,-35.85143433369919
0.4534594986710756,0.3557689730530732,1.1979536174576504,30.378535620496795
0.22993061820004268,0.2007811066125187,2.632425008427363,110.62301376512096
0.5003169323650392,0.4636852081707089,1.8815220659489331,107.30932037697316
0.2539229930400335,0.20084471921424107,1.9456142842987882,65.92022311750989
0.513806437610888,0.49677153176259425,2.3944665391544806,117.21431330058557
0.4798308041001852,0.0802774675406629,2.356552720215224,362.63697657670264
0.4208370498189158,0.19770842062084626,4.2491925207577905,63.59719505079749
0.39612570406834413,0.3442696598036258,2.357258921398757,78.66626701031926
0.5309281283993815,0.48122022114377405,2.8518378266203133,96.7009666863077
0.7723531182520269,0.5414410626494238,-2.68853578101017,-202.53398719129996
0.8398765302972648,0.20696496138221765,-1.1677833137599152,-35.295587190141234
0.45124572622281234,0.31736200559573513,0.9200948824466428,17.629365728576744
0.9255911367502014,0.86618913718748,-2.2981643522584227,-103.9453818981416
0.018003612944215153,0.0025506504004619845,2.584308809113885,-1693.7376091769827
0.8377143305644994,0.7810846982637719,-1.3172290129572357,-41.582462502624374
0.7100228612280123,0.6306895289381349,0.2975700433379371,-13.77861084340336
0.841443526488471,0.7555914147013846,-1.7379745381088698,-92.27873417135609
0.3387409046708556,0.26838273732686213,1.3347688873266235,49.2976480716158
0.41858569593210027,0.37690789886678033,0.8154680860466291,6.587741436706664
0.8925593771612633,0.8530596903236718,-2.733371221142835,-138.48685462288472
0.16944666116802642,0.003862920730462016,0.5423451287345499,30.184193301733025
0.595125371509306,0.5395871195179511,2.264711857700045,108.5704520836489
0.5700658525133002,0.032966073518931216,2.230108905686621,7.322592733426326
0.4400554979111925,0.2932035576694646,25.868300412124572,317.2736635147041
0.6315599293075138,0.5629521081148983,0.1673641554836492,2.240277792181726
0.3003211380582139,0.1275800804856556,-2.4456710069221215,-200.4892643129359
0.47082046895142005,0.45592431743898587,4.702887324387602,195.7183722280536
0.24664755201157507,0.2397293385949617,3.2335442079750063,-1.3653014681838662
0.7791427940053919,0.7177311404529216,-0.4672103034663126,-17.49707061051177
0.5534286344808763,0.7636784008120334,-3.7968674425629954,-37.89386802550185
0.7228793524695144,0.6651153673801846,-1.1679629065196826,-31.958940813115806
0.6538822415915067,0.6919008396797777,3.8326172413112047,206.47275708140654
0.8368488992185823,0.7697084888337615,-1.643681063740536,-65.53081991998708
0.4200107170493219,0.18672445178096653,-0.5475575966470689,-4.58192774335004
0.6164129053247989,0.5650746877471906,1.6171038067402896,67.70194895117629
0.6876800382533859,0.6241849309764905,-0.13493686194493615,-7.822551755591621
0.31949716190601607,0.2860283840395573,2.2812204121591892,127.21342239904325
0.34845559736797616,0.0183485114621309,1.1655434681352197,79.47006337087393
0.3334486651254518,0.1730126436399163,0.5969543440341167,13.046726286699421
0.7573301939895626,0.5445973675486608,-2.9923905760477507,-97.56841711841118
0.44586755033702297,0.3808241108056971,1.8371329135800416,76.02306964370617
0.6563067058026959,0.025610506475149952,0.3847394321084119,-78.71634432732642
0.0839568901480291,0.0016248336291777576,0.9243384231162755,-1147.178943361873
